,label,prediced_label,model correct
0,0,42,False
1,0,0,True
2,0,0,True
3,0,0,True
4,0,0,True
5,0,0,True
6,0,0,True
7,0,0,True
8,0,0,True
9,0,0,True
10,0,0,True
11,0,0,True
12,0,0,True
13,0,0,True
14,0,0,True
15,0,0,True
16,0,0,True
17,0,0,True
18,0,56,False
19,0,0,True
20,1,1,True
21,1,1,True
22,1,1,True
23,1,1,True
24,1,1,True
25,1,1,True
26,1,1,True
27,1,1,True
28,1,1,True
29,1,1,True
30,1,10,False
31,1,1,True
32,1,1,True
33,1,1,True
34,1,1,True
35,1,1,True
36,1,1,True
37,1,1,True
38,1,1,True
39,1,10,False
40,1,1,True
41,1,1,True
42,1,1,True
43,2,33,False
44,2,33,False
45,2,2,True
46,2,26,False
47,2,2,True
48,2,2,True
49,2,2,True
50,2,2,True
51,2,2,True
52,2,33,False
53,2,2,True
54,2,2,True
55,2,2,True
56,2,2,True
57,2,33,False
58,2,2,True
59,2,17,False
60,2,33,False
61,2,33,False
62,2,17,False
63,2,17,False
64,2,33,False
65,2,33,False
66,2,33,False
67,2,2,True
68,2,33,False
69,2,2,True
70,2,2,True
71,2,17,False
72,2,2,True
73,2,2,True
74,2,33,False
75,2,33,False
76,2,2,True
77,2,2,True
78,2,2,True
79,2,2,True
80,2,2,True
81,2,33,False
82,2,33,False
83,2,72,False
84,2,2,True
85,2,17,False
86,2,2,True
87,2,2,True
88,2,2,True
89,2,33,False
90,2,2,True
91,2,33,False
92,2,2,True
93,2,2,True
94,2,33,False
95,2,33,False
96,2,2,True
97,2,2,True
98,2,2,True
99,2,2,True
100,2,2,True
101,2,33,False
102,2,33,False
103,2,17,False
104,2,17,False
105,2,17,False
106,2,17,False
107,2,2,True
108,2,42,False
109,2,33,False
110,2,33,False
111,2,2,True
112,2,2,True
113,2,33,False
114,2,33,False
115,2,17,False
116,2,72,False
117,2,23,False
118,2,33,False
119,2,2,True
120,2,2,True
121,2,2,True
122,2,2,True
123,2,33,False
124,2,2,True
125,2,17,False
126,2,33,False
127,2,33,False
128,3,3,True
129,3,42,False
130,3,3,True
131,3,10,False
132,3,10,False
133,3,82,False
134,3,83,False
135,3,3,True
136,3,3,True
137,3,10,False
138,3,3,True
139,3,3,True
140,3,42,False
141,3,3,True
142,3,3,True
143,3,42,False
144,3,71,False
145,3,3,True
146,3,42,False
147,3,71,False
148,3,3,True
149,3,42,False
150,3,39,False
151,3,3,True
152,3,3,True
153,3,3,True
154,3,3,True
155,3,3,True
156,3,3,True
157,3,3,True
158,3,3,True
159,3,71,False
160,3,3,True
161,3,42,False
162,3,3,True
163,3,3,True
164,3,23,False
165,3,3,True
166,3,3,True
167,3,3,True
168,3,3,True
169,3,3,True
170,3,3,True
171,3,10,False
172,3,42,False
173,3,10,False
174,3,3,True
175,3,39,False
176,3,33,False
177,3,42,False
178,3,3,True
179,3,3,True
180,3,3,True
181,3,3,True
182,3,3,True
183,3,42,False
184,3,3,True
185,3,3,True
186,4,33,False
187,4,33,False
188,4,33,False
189,4,33,False
190,4,33,False
191,4,33,False
192,4,33,False
193,4,23,False
194,4,33,False
195,4,33,False
196,4,33,False
197,4,33,False
198,4,33,False
199,4,33,False
200,4,23,False
201,4,33,False
202,4,33,False
203,4,33,False
204,4,33,False
205,4,33,False
206,4,33,False
207,4,33,False
208,4,33,False
209,4,33,False
210,4,33,False
211,4,33,False
212,4,33,False
213,4,33,False
214,4,33,False
215,4,33,False
216,4,33,False
217,4,23,False
218,4,33,False
219,4,33,False
220,4,33,False
221,4,33,False
222,5,5,True
223,5,57,False
224,5,5,True
225,5,5,True
226,5,5,True
227,5,17,False
228,5,5,True
229,5,5,True
230,5,26,False
231,5,5,True
232,5,5,True
233,5,17,False
234,5,26,False
235,5,42,False
236,5,5,True
237,5,5,True
238,5,5,True
239,5,42,False
240,5,5,True
241,5,17,False
242,5,5,True
243,5,5,True
244,5,17,False
245,5,5,True
246,5,5,True
247,5,17,False
248,5,17,False
249,5,26,False
250,5,5,True
251,5,5,True
252,5,5,True
253,5,5,True
254,5,5,True
255,5,5,True
256,5,17,False
257,5,5,True
258,5,5,True
259,5,26,False
260,5,42,False
261,5,5,True
262,5,5,True
263,5,26,False
264,5,5,True
265,5,5,True
266,5,5,True
267,5,5,True
268,5,5,True
269,5,17,False
270,5,42,False
271,5,5,True
272,5,5,True
273,5,5,True
274,5,17,False
275,5,5,True
276,5,5,True
277,5,33,False
278,5,17,False
279,5,5,True
280,5,17,False
281,5,26,False
282,5,5,True
283,5,69,False
284,5,17,False
285,5,5,True
286,5,17,False
287,5,86,False
288,5,5,True
289,5,5,True
290,5,5,True
291,5,5,True
292,5,5,True
293,5,5,True
294,5,5,True
295,5,5,True
296,5,17,False
297,5,5,True
298,6,33,False
299,6,42,False
300,6,26,False
301,6,6,True
302,6,6,True
303,6,6,True
304,6,10,False
305,6,10,False
306,6,33,False
307,6,6,True
308,6,33,False
309,6,42,False
310,6,33,False
311,6,6,True
312,6,6,True
313,6,6,True
314,6,6,True
315,6,6,True
316,6,6,True
317,6,6,True
318,6,6,True
319,6,6,True
320,6,6,True
321,6,42,False
322,6,6,True
323,6,6,True
324,7,93,False
325,7,33,False
326,7,42,False
327,7,93,False
328,7,17,False
329,7,26,False
330,7,7,True
331,7,42,False
332,7,33,False
333,7,17,False
334,7,68,False
335,7,26,False
336,7,42,False
337,7,33,False
338,7,93,False
339,7,17,False
340,7,26,False
341,7,93,False
342,7,17,False
343,7,42,False
344,7,39,False
345,7,42,False
346,7,33,False
347,7,42,False
348,7,17,False
349,7,93,False
350,7,83,False
351,7,17,False
352,7,17,False
353,8,8,True
354,8,8,True
355,8,8,True
356,8,8,True
357,8,8,True
358,8,8,True
359,8,8,True
360,8,8,True
361,8,8,True
362,8,8,True
363,8,8,True
364,8,8,True
365,8,8,True
366,8,12,False
367,8,8,True
368,8,8,True
369,8,12,False
370,8,8,True
371,8,8,True
372,8,65,False
373,8,8,True
374,8,0,False
375,8,8,True
376,8,8,True
377,8,8,True
378,8,8,True
379,8,8,True
380,8,8,True
381,8,8,True
382,8,8,True
383,8,8,True
384,8,8,True
385,8,8,True
386,8,0,False
387,8,8,True
388,8,8,True
389,8,65,False
390,8,8,True
391,8,65,False
392,8,8,True
393,8,8,True
394,8,8,True
395,8,8,True
396,8,8,True
397,8,8,True
398,8,8,True
399,8,8,True
400,8,8,True
401,8,8,True
402,8,8,True
403,8,8,True
404,8,8,True
405,8,8,True
406,8,8,True
407,8,8,True
408,8,8,True
409,8,8,True
410,8,8,True
411,8,8,True
412,8,8,True
413,8,8,True
414,8,8,True
415,8,8,True
416,8,8,True
417,8,8,True
418,8,8,True
419,8,8,True
420,8,8,True
421,8,8,True
422,8,8,True
423,8,8,True
424,8,8,True
425,8,8,True
426,8,8,True
427,8,8,True
428,8,12,False
429,8,8,True
430,8,8,True
431,8,8,True
432,8,8,True
433,8,8,True
434,8,65,False
435,8,65,False
436,8,8,True
437,8,8,True
438,8,8,True
439,8,8,True
440,8,8,True
441,8,8,True
442,8,8,True
443,8,8,True
444,8,8,True
445,8,65,False
446,8,8,True
447,8,8,True
448,8,8,True
449,8,8,True
450,8,65,False
451,8,8,True
452,8,8,True
453,8,8,True
454,8,8,True
455,8,8,True
456,8,8,True
457,8,8,True
458,8,12,False
459,8,8,True
460,9,23,False
461,9,9,True
462,9,23,False
463,9,23,False
464,9,9,True
465,9,42,False
466,9,23,False
467,9,26,False
468,9,23,False
469,9,86,False
470,9,9,True
471,9,86,False
472,9,26,False
473,9,23,False
474,9,23,False
475,9,26,False
476,9,62,False
477,9,9,True
478,9,9,True
479,9,23,False
480,9,42,False
481,9,26,False
482,9,26,False
483,9,23,False
484,9,26,False
485,9,23,False
486,9,42,False
487,9,26,False
488,9,26,False
489,9,86,False
490,9,26,False
491,9,33,False
492,9,23,False
493,9,42,False
494,10,10,True
495,10,17,False
496,10,10,True
497,10,10,True
498,10,10,True
499,10,10,True
500,10,10,True
501,10,10,True
502,10,10,True
503,10,10,True
504,10,10,True
505,10,10,True
506,10,10,True
507,10,10,True
508,10,10,True
509,10,10,True
510,10,10,True
511,10,10,True
512,10,10,True
513,10,10,True
514,10,10,True
515,10,10,True
516,10,10,True
517,10,10,True
518,10,10,True
519,10,10,True
520,10,10,True
521,10,10,True
522,10,10,True
523,10,10,True
524,10,10,True
525,10,10,True
526,10,10,True
527,10,10,True
528,10,10,True
529,10,10,True
530,10,10,True
531,10,10,True
532,10,10,True
533,10,10,True
534,10,10,True
535,10,10,True
536,10,10,True
537,10,10,True
538,10,10,True
539,10,10,True
540,11,10,False
541,11,11,True
542,11,11,True
543,11,11,True
544,11,11,True
545,11,11,True
546,11,11,True
547,11,11,True
548,11,11,True
549,11,11,True
550,11,10,False
551,11,11,True
552,11,11,True
553,11,11,True
554,11,33,False
555,11,11,True
556,11,11,True
557,11,11,True
558,11,11,True
559,11,11,True
560,11,11,True
561,11,11,True
562,11,11,True
563,11,11,True
564,11,11,True
565,11,11,True
566,11,11,True
567,11,11,True
568,11,11,True
569,11,11,True
570,11,11,True
571,11,11,True
572,11,11,True
573,11,11,True
574,11,33,False
575,11,10,False
576,11,11,True
577,11,83,False
578,11,10,False
579,11,33,False
580,11,26,False
581,11,11,True
582,11,11,True
583,11,33,False
584,11,11,True
585,11,58,False
586,11,11,True
587,11,11,True
588,11,11,True
589,11,11,True
590,11,11,True
591,11,11,True
592,11,33,False
593,11,33,False
594,11,11,True
595,11,33,False
596,11,11,True
597,11,10,False
598,11,33,False
599,11,11,True
600,11,33,False
601,11,11,True
602,11,11,True
603,11,11,True
604,11,11,True
605,12,12,True
606,12,12,True
607,12,12,True
608,12,12,True
609,12,12,True
610,12,12,True
611,12,12,True
612,12,12,True
613,12,12,True
614,12,51,False
615,12,12,True
616,12,12,True
617,12,12,True
618,12,12,True
619,12,12,True
620,12,12,True
621,12,12,True
622,12,42,False
623,12,12,True
624,12,12,True
625,12,12,True
626,12,12,True
627,12,12,True
628,12,17,False
629,12,12,True
630,12,12,True
631,12,12,True
632,12,12,True
633,12,12,True
634,12,12,True
635,12,12,True
636,12,12,True
637,12,12,True
638,12,12,True
639,12,12,True
640,12,12,True
641,12,12,True
642,12,12,True
643,12,12,True
644,12,12,True
645,12,12,True
646,12,12,True
647,12,12,True
648,12,96,False
649,12,12,True
650,12,12,True
651,12,12,True
652,12,12,True
653,12,12,True
654,12,12,True
655,12,96,False
656,12,12,True
657,12,12,True
658,12,12,True
659,12,12,True
660,12,12,True
661,12,12,True
662,12,12,True
663,12,12,True
664,12,12,True
665,12,12,True
666,12,12,True
667,12,12,True
668,12,12,True
669,12,96,False
670,12,12,True
671,12,12,True
672,12,98,False
673,12,12,True
674,12,12,True
675,12,12,True
676,12,12,True
677,12,12,True
678,12,12,True
679,12,12,True
680,12,12,True
681,12,12,True
682,12,12,True
683,12,12,True
684,12,12,True
685,12,12,True
686,12,12,True
687,12,12,True
688,12,12,True
689,12,12,True
690,12,12,True
691,12,12,True
692,12,96,False
693,12,12,True
694,13,13,True
695,13,13,True
696,13,13,True
697,13,13,True
698,13,12,False
699,13,12,False
700,13,12,False
701,13,13,True
702,13,12,False
703,13,13,True
704,13,13,True
705,13,13,True
706,13,12,False
707,13,12,False
708,13,13,True
709,13,12,False
710,13,77,False
711,13,13,True
712,13,12,False
713,13,13,True
714,13,13,True
715,13,13,True
716,13,12,False
717,13,13,True
718,13,13,True
719,13,12,False
720,13,13,True
721,13,12,False
722,13,13,True
723,13,13,True
724,13,12,False
725,13,13,True
726,13,12,False
727,13,13,True
728,14,14,True
729,14,14,True
730,14,14,True
731,14,14,True
732,14,33,False
733,14,43,False
734,14,10,False
735,14,17,False
736,14,14,True
737,14,14,True
738,14,14,True
739,14,42,False
740,14,33,False
741,14,14,True
742,14,14,True
743,14,14,True
744,14,92,False
745,14,17,False
746,14,33,False
747,14,14,True
748,14,17,False
749,14,17,False
750,14,17,False
751,14,14,True
752,14,14,True
753,14,14,True
754,14,26,False
755,14,42,False
756,15,12,False
757,15,15,True
758,15,12,False
759,15,8,False
760,15,8,False
761,15,65,False
762,15,12,False
763,15,15,True
764,15,87,False
765,15,15,True
766,15,15,True
767,15,15,True
768,15,8,False
769,15,12,False
770,15,8,False
771,15,15,True
772,15,97,False
773,15,12,False
774,15,12,False
775,15,8,False
776,15,15,True
777,15,65,False
778,15,12,False
779,15,12,False
780,15,8,False
781,15,12,False
782,15,12,False
783,15,15,True
784,15,8,False
785,16,23,False
786,16,17,False
787,16,16,True
788,16,42,False
789,16,16,True
790,16,16,True
791,16,42,False
792,16,17,False
793,16,16,True
794,16,17,False
795,16,16,True
796,16,42,False
797,16,33,False
798,16,33,False
799,16,26,False
800,16,23,False
801,16,16,True
802,16,16,True
803,16,42,False
804,16,16,True
805,17,17,True
806,17,33,False
807,17,17,True
808,17,17,True
809,17,33,False
810,17,33,False
811,17,33,False
812,17,17,True
813,17,17,True
814,17,17,True
815,17,17,True
816,17,17,True
817,17,17,True
818,17,33,False
819,17,17,True
820,17,17,True
821,17,17,True
822,17,17,True
823,17,17,True
824,17,5,False
825,17,17,True
826,17,17,True
827,17,17,True
828,17,17,True
829,17,17,True
830,17,33,False
831,17,17,True
832,17,17,True
833,17,17,True
834,17,17,True
835,17,17,True
836,17,17,True
837,17,17,True
838,17,17,True
839,17,17,True
840,17,17,True
841,17,17,True
842,17,17,True
843,17,17,True
844,17,33,False
845,17,17,True
846,17,17,True
847,17,17,True
848,17,17,True
849,17,17,True
850,17,17,True
851,17,17,True
852,17,17,True
853,17,17,True
854,17,17,True
855,17,17,True
856,17,17,True
857,17,17,True
858,17,86,False
859,17,17,True
860,17,17,True
861,17,17,True
862,17,17,True
863,17,17,True
864,17,17,True
865,17,17,True
866,17,17,True
867,17,33,False
868,17,17,True
869,17,17,True
870,17,17,True
871,17,17,True
872,17,17,True
873,17,17,True
874,17,17,True
875,17,17,True
876,17,17,True
877,17,17,True
878,17,17,True
879,17,17,True
880,17,33,False
881,17,17,True
882,17,17,True
883,17,17,True
884,17,17,True
885,17,17,True
886,17,17,True
887,17,17,True
888,17,17,True
889,17,17,True
890,17,33,False
891,17,17,True
892,17,17,True
893,17,17,True
894,17,17,True
895,17,17,True
896,17,17,True
897,17,17,True
898,17,17,True
899,17,17,True
900,17,17,True
901,17,17,True
902,17,17,True
903,17,17,True
904,17,17,True
905,17,17,True
906,17,17,True
907,17,17,True
908,17,33,False
909,17,33,False
910,17,17,True
911,17,17,True
912,17,21,False
913,18,42,False
914,18,18,True
915,18,18,True
916,18,18,True
917,18,26,False
918,18,18,True
919,18,18,True
920,18,42,False
921,18,18,True
922,18,18,True
923,18,33,False
924,18,18,True
925,18,18,True
926,18,18,True
927,18,10,False
928,18,18,True
929,18,18,True
930,18,18,True
931,18,18,True
932,18,18,True
933,18,18,True
934,18,18,True
935,18,18,True
936,18,18,True
937,18,42,False
938,18,42,False
939,18,18,True
940,18,18,True
941,18,18,True
942,18,18,True
943,18,33,False
944,18,18,True
945,18,18,True
946,18,18,True
947,18,18,True
948,18,18,True
949,18,18,True
950,18,18,True
951,18,18,True
952,18,18,True
953,18,18,True
954,18,18,True
955,18,18,True
956,19,21,False
957,19,33,False
958,19,78,False
959,19,96,False
960,19,96,False
961,19,32,False
962,19,96,False
963,19,96,False
964,19,33,False
965,19,78,False
966,19,33,False
967,19,33,False
968,19,32,False
969,19,33,False
970,19,96,False
971,19,33,False
972,19,32,False
973,19,33,False
974,19,21,False
975,19,21,False
976,19,96,False
977,19,21,False
978,19,32,False
979,19,12,False
980,19,21,False
981,19,21,False
982,19,12,False
983,19,32,False
984,19,32,False
985,19,21,False
986,19,96,False
987,19,12,False
988,19,51,False
989,19,21,False
990,19,21,False
991,19,96,False
992,19,42,False
993,19,32,False
994,19,51,False
995,19,32,False
996,19,21,False
997,19,98,False
998,19,21,False
999,19,12,False
1000,19,33,False
1001,19,33,False
1002,19,96,False
1003,19,42,False
1004,19,78,False
1005,19,17,False
1006,19,20,False
1007,20,20,True
1008,20,96,False
1009,20,20,True
1010,20,98,False
1011,20,20,True
1012,20,96,False
1013,20,20,True
1014,20,42,False
1015,20,98,False
1016,20,33,False
1017,20,98,False
1018,20,20,True
1019,20,33,False
1020,20,33,False
1021,20,20,True
1022,20,20,True
1023,20,33,False
1024,20,20,True
1025,20,33,False
1026,20,33,False
1027,20,2,False
1028,20,33,False
1029,20,20,True
1030,20,20,True
1031,20,20,True
1032,20,42,False
1033,20,20,True
1034,20,51,False
1035,20,33,False
1036,20,33,False
1037,20,20,True
1038,20,20,True
1039,20,20,True
1040,20,33,False
1041,20,20,True
1042,20,33,False
1043,20,33,False
1044,20,33,False
1045,20,96,False
1046,20,33,False
1047,20,20,True
1048,20,20,True
1049,20,98,False
1050,20,98,False
1051,20,20,True
1052,20,96,False
1053,20,17,False
1054,20,33,False
1055,20,96,False
1056,20,33,False
1057,20,33,False
1058,20,33,False
1059,20,96,False
1060,20,33,False
1061,20,33,False
1062,20,20,True
1063,20,12,False
1064,20,20,True
1065,20,33,False
1066,20,20,True
1067,20,42,False
1068,20,42,False
1069,20,33,False
1070,20,93,False
1071,20,42,False
1072,20,33,False
1073,20,20,True
1074,20,26,False
1075,20,33,False
1076,20,98,False
1077,20,20,True
1078,20,33,False
1079,20,96,False
1080,20,20,True
1081,20,20,True
1082,20,20,True
1083,20,20,True
1084,20,20,True
1085,20,20,True
1086,20,20,True
1087,20,42,False
1088,20,33,False
1089,21,42,False
1090,21,21,True
1091,21,21,True
1092,21,21,True
1093,21,33,False
1094,21,21,True
1095,21,21,True
1096,21,23,False
1097,21,17,False
1098,21,21,True
1099,21,21,True
1100,21,23,False
1101,21,17,False
1102,21,21,True
1103,21,21,True
1104,21,33,False
1105,21,21,True
1106,21,21,True
1107,21,21,True
1108,21,33,False
1109,21,17,False
1110,21,42,False
1111,21,21,True
1112,21,21,True
1113,21,26,False
1114,21,42,False
1115,21,21,True
1116,21,23,False
1117,21,17,False
1118,21,42,False
1119,21,21,True
1120,21,86,False
1121,21,21,True
1122,21,21,True
1123,21,26,False
1124,21,21,True
1125,21,21,True
1126,21,21,True
1127,21,21,True
1128,21,21,True
1129,21,33,False
1130,21,26,False
1131,21,17,False
1132,21,21,True
1133,21,21,True
1134,21,33,False
1135,21,21,True
1136,21,26,False
1137,21,21,True
1138,21,42,False
1139,21,21,True
1140,21,5,False
1141,21,21,True
1142,21,5,False
1143,21,26,False
1144,21,33,False
1145,21,21,True
1146,21,17,False
1147,21,33,False
1148,21,21,True
1149,21,33,False
1150,21,17,False
1151,21,17,False
1152,21,42,False
1153,21,17,False
1154,21,17,False
1155,21,21,True
1156,21,21,True
1157,21,33,False
1158,21,21,True
1159,21,83,False
1160,22,26,False
1161,22,33,False
1162,22,33,False
1163,22,72,False
1164,22,26,False
1165,22,33,False
1166,22,33,False
1167,22,5,False
1168,22,78,False
1169,22,26,False
1170,22,33,False
1171,22,26,False
1172,22,33,False
1173,22,17,False
1174,22,78,False
1175,22,26,False
1176,22,22,True
1177,22,17,False
1178,22,17,False
1179,22,21,False
1180,22,21,False
1181,22,26,False
1182,22,45,False
1183,22,17,False
1184,22,21,False
1185,22,2,False
1186,22,72,False
1187,22,33,False
1188,22,33,False
1189,22,33,False
1190,22,21,False
1191,22,26,False
1192,22,33,False
1193,22,81,False
1194,22,22,True
1195,22,21,False
1196,22,33,False
1197,22,26,False
1198,22,22,True
1199,22,33,False
1200,22,78,False
1201,22,5,False
1202,22,33,False
1203,22,33,False
1204,22,26,False
1205,22,33,False
1206,22,33,False
1207,22,5,False
1208,22,78,False
1209,22,78,False
1210,22,78,False
1211,22,26,False
1212,22,17,False
1213,22,26,False
1214,22,33,False
1215,22,26,False
1216,22,9,False
1217,22,33,False
1218,22,51,False
1219,22,33,False
1220,22,72,False
1221,22,26,False
1222,23,23,True
1223,23,23,True
1224,23,42,False
1225,23,23,True
1226,23,23,True
1227,23,23,True
1228,23,42,False
1229,23,42,False
1230,23,26,False
1231,23,42,False
1232,23,42,False
1233,23,42,False
1234,23,23,True
1235,23,23,True
1236,23,26,False
1237,23,23,True
1238,23,23,True
1239,23,39,False
1240,23,26,False
1241,23,62,False
1242,24,33,False
1243,24,24,True
1244,24,24,True
1245,24,24,True
1246,24,42,False
1247,24,33,False
1248,24,24,True
1249,24,24,True
1250,24,42,False
1251,24,24,True
1252,24,24,True
1253,24,33,False
1254,24,24,True
1255,24,42,False
1256,24,24,True
1257,24,33,False
1258,24,24,True
1259,24,24,True
1260,24,24,True
1261,24,24,True
1262,24,24,True
1263,24,17,False
1264,24,24,True
1265,24,24,True
1266,24,24,True
1267,24,24,True
1268,24,23,False
1269,24,24,True
1270,24,33,False
1271,24,24,True
1272,24,24,True
1273,24,42,False
1274,24,23,False
1275,24,24,True
1276,24,24,True
1277,24,24,True
1278,24,24,True
1279,24,24,True
1280,24,24,True
1281,24,24,True
1282,24,23,False
1283,24,24,True
1284,24,86,False
1285,24,24,True
1286,24,24,True
1287,24,24,True
1288,24,24,True
1289,24,24,True
1290,24,24,True
1291,24,24,True
1292,24,24,True
1293,24,24,True
1294,24,86,False
1295,24,24,True
1296,24,24,True
1297,24,24,True
1298,24,24,True
1299,24,24,True
1300,24,24,True
1301,24,24,True
1302,24,24,True
1303,24,24,True
1304,24,24,True
1305,24,24,True
1306,24,24,True
1307,24,86,False
1308,24,39,False
1309,24,23,False
1310,24,86,False
1311,24,24,True
1312,24,23,False
1313,24,42,False
1314,24,33,False
1315,24,10,False
1316,24,24,True
1317,24,24,True
1318,24,39,False
1319,24,24,True
1320,24,24,True
1321,24,24,True
1322,24,24,True
1323,24,23,False
1324,24,24,True
1325,24,24,True
1326,24,24,True
1327,24,24,True
1328,24,33,False
1329,24,24,True
1330,25,25,True
1331,25,25,True
1332,25,25,True
1333,25,17,False
1334,25,23,False
1335,25,25,True
1336,25,25,True
1337,25,45,False
1338,25,25,True
1339,25,23,False
1340,25,5,False
1341,25,75,False
1342,25,25,True
1343,25,42,False
1344,25,23,False
1345,25,42,False
1346,25,23,False
1347,25,26,False
1348,25,25,True
1349,25,88,False
1350,25,25,True
1351,25,25,True
1352,25,25,True
1353,25,42,False
1354,25,25,True
1355,25,25,True
1356,25,5,False
1357,25,17,False
1358,25,42,False
1359,25,25,True
1360,25,25,True
1361,25,25,True
1362,26,26,True
1363,26,33,False
1364,26,26,True
1365,26,26,True
1366,26,26,True
1367,26,33,False
1368,26,26,True
1369,26,33,False
1370,26,26,True
1371,26,26,True
1372,26,26,True
1373,26,33,False
1374,26,26,True
1375,26,26,True
1376,26,26,True
1377,26,26,True
1378,26,26,True
1379,26,26,True
1380,26,17,False
1381,26,86,False
1382,26,26,True
1383,26,26,True
1384,26,33,False
1385,26,26,True
1386,26,33,False
1387,26,33,False
1388,26,26,True
1389,26,17,False
1390,26,26,True
1391,26,26,True
1392,26,26,True
1393,26,26,True
1394,26,26,True
1395,26,33,False
1396,26,33,False
1397,26,26,True
1398,26,33,False
1399,26,26,True
1400,26,33,False
1401,26,33,False
1402,26,33,False
1403,26,33,False
1404,26,26,True
1405,26,26,True
1406,26,33,False
1407,26,33,False
1408,26,33,False
1409,26,26,True
1410,26,26,True
1411,26,33,False
1412,26,26,True
1413,26,17,False
1414,26,26,True
1415,26,26,True
1416,26,33,False
1417,27,42,False
1418,27,42,False
1419,27,10,False
1420,27,42,False
1421,27,10,False
1422,27,10,False
1423,27,26,False
1424,27,42,False
1425,27,27,True
1426,27,10,False
1427,27,10,False
1428,27,42,False
1429,27,10,False
1430,27,10,False
1431,27,42,False
1432,27,42,False
1433,27,30,False
1434,27,83,False
1435,27,10,False
1436,27,17,False
1437,27,42,False
1438,27,42,False
1439,27,42,False
1440,27,42,False
1441,27,42,False
1442,27,10,False
1443,27,33,False
1444,27,42,False
1445,27,24,False
1446,27,10,False
1447,28,42,False
1448,28,42,False
1449,28,26,False
1450,28,42,False
1451,28,42,False
1452,28,42,False
1453,28,26,False
1454,28,42,False
1455,28,42,False
1456,28,28,True
1457,28,26,False
1458,28,42,False
1459,28,42,False
1460,28,42,False
1461,28,42,False
1462,28,42,False
1463,28,5,False
1464,28,42,False
1465,28,42,False
1466,28,42,False
1467,28,42,False
1468,28,42,False
1469,28,42,False
1470,28,42,False
1471,28,42,False
1472,28,17,False
1473,28,42,False
1474,28,42,False
1475,28,42,False
1476,28,28,True
1477,28,42,False
1478,28,28,True
1479,28,42,False
1480,28,28,True
1481,28,42,False
1482,28,42,False
1483,28,42,False
1484,28,42,False
1485,28,42,False
1486,28,42,False
1487,28,42,False
1488,28,28,True
1489,28,26,False
1490,28,42,False
1491,28,42,False
1492,28,42,False
1493,28,17,False
1494,28,42,False
1495,28,42,False
1496,28,5,False
1497,28,42,False
1498,28,42,False
1499,28,17,False
1500,28,17,False
1501,28,28,True
1502,28,42,False
1503,28,26,False
1504,28,28,True
1505,28,42,False
1506,28,17,False
1507,28,42,False
1508,28,42,False
1509,28,42,False
1510,28,28,True
1511,28,28,True
1512,28,42,False
1513,28,42,False
1514,28,42,False
1515,28,17,False
1516,28,42,False
1517,28,42,False
1518,28,28,True
1519,28,42,False
1520,28,51,False
1521,28,10,False
1522,28,42,False
1523,28,28,True
1524,28,28,True
1525,28,42,False
1526,28,42,False
1527,28,42,False
1528,28,42,False
1529,28,28,True
1530,28,42,False
1531,28,42,False
1532,28,17,False
1533,28,42,False
1534,28,26,False
1535,28,42,False
1536,28,42,False
1537,28,28,True
1538,28,42,False
1539,29,29,True
1540,29,29,True
1541,29,8,False
1542,29,29,True
1543,29,8,False
1544,29,51,False
1545,29,29,True
1546,29,31,False
1547,29,10,False
1548,29,8,False
1549,29,31,False
1550,29,29,True
1551,29,31,False
1552,29,29,True
1553,29,8,False
1554,29,8,False
1555,29,69,False
1556,29,10,False
1557,29,31,False
1558,29,51,False
1559,29,31,False
1560,29,39,False
1561,29,31,False
1562,29,29,True
1563,29,87,False
1564,29,77,False
1565,29,29,True
1566,29,31,False
1567,29,77,False
1568,29,31,False
1569,29,29,True
1570,29,26,False
1571,29,93,False
1572,29,8,False
1573,29,29,True
1574,29,15,False
1575,29,29,True
1576,29,29,True
1577,29,29,True
1578,29,29,True
1579,29,15,False
1580,29,29,True
1581,29,29,True
1582,29,8,False
1583,29,29,True
1584,29,29,True
1585,29,29,True
1586,29,29,True
1587,29,77,False
1588,29,37,False
1589,29,29,True
1590,29,29,True
1591,29,31,False
1592,29,8,False
1593,29,15,False
1594,29,31,False
1595,29,29,True
1596,29,8,False
1597,29,15,False
1598,29,29,True
1599,29,29,True
1600,29,29,True
1601,29,77,False
1602,29,69,False
1603,29,29,True
1604,29,8,False
1605,29,10,False
1606,30,33,False
1607,30,56,False
1608,30,42,False
1609,30,26,False
1610,30,42,False
1611,30,42,False
1612,30,33,False
1613,30,23,False
1614,30,42,False
1615,30,26,False
1616,30,33,False
1617,30,42,False
1618,30,26,False
1619,30,33,False
1620,30,17,False
1621,30,26,False
1622,30,33,False
1623,30,42,False
1624,30,42,False
1625,30,33,False
1626,30,42,False
1627,30,56,False
1628,30,33,False
1629,30,33,False
1630,30,33,False
1631,30,42,False
1632,30,26,False
1633,30,33,False
1634,30,30,True
1635,30,17,False
1636,30,42,False
1637,30,28,False
1638,30,17,False
1639,30,26,False
1640,30,30,True
1641,30,26,False
1642,30,39,False
1643,30,42,False
1644,30,42,False
1645,30,42,False
1646,30,42,False
1647,30,30,True
1648,30,33,False
1649,30,42,False
1650,30,26,False
1651,30,26,False
1652,30,26,False
1653,30,42,False
1654,30,12,False
1655,30,26,False
1656,30,42,False
1657,30,30,True
1658,30,42,False
1659,30,5,False
1660,30,5,False
1661,30,33,False
1662,30,42,False
1663,30,42,False
1664,30,30,True
1665,30,39,False
1666,30,26,False
1667,30,17,False
1668,30,42,False
1669,30,26,False
1670,30,26,False
1671,30,26,False
1672,31,31,True
1673,31,31,True
1674,31,31,True
1675,31,10,False
1676,31,8,False
1677,31,31,True
1678,31,31,True
1679,31,31,True
1680,31,31,True
1681,31,31,True
1682,31,31,True
1683,31,77,False
1684,31,77,False
1685,31,31,True
1686,31,77,False
1687,31,31,True
1688,31,31,True
1689,31,77,False
1690,31,31,True
1691,31,31,True
1692,31,77,False
1693,31,31,True
1694,31,31,True
1695,31,31,True
1696,31,31,True
1697,31,77,False
1698,31,31,True
1699,31,77,False
1700,31,31,True
1701,31,31,True
1702,31,31,True
1703,31,77,False
1704,31,77,False
1705,31,77,False
1706,31,31,True
1707,31,31,True
1708,31,77,False
1709,31,77,False
1710,31,31,True
1711,31,31,True
1712,31,77,False
1713,31,77,False
1714,31,10,False
1715,31,10,False
1716,31,31,True
1717,31,31,True
1718,31,31,True
1719,31,77,False
1720,31,31,True
1721,31,31,True
1722,31,31,True
1723,31,31,True
1724,31,31,True
1725,31,31,True
1726,31,31,True
1727,31,31,True
1728,31,31,True
1729,31,31,True
1730,31,31,True
1731,31,31,True
1732,31,31,True
1733,31,31,True
1734,31,77,False
1735,31,31,True
1736,31,77,False
1737,31,77,False
1738,31,31,True
1739,31,31,True
1740,31,31,True
1741,31,77,False
1742,31,31,True
1743,31,10,False
1744,32,32,True
1745,32,32,True
1746,32,32,True
1747,32,21,False
1748,32,33,False
1749,32,2,False
1750,32,32,True
1751,32,32,True
1752,32,96,False
1753,32,32,True
1754,32,32,True
1755,32,32,True
1756,32,32,True
1757,32,32,True
1758,32,98,False
1759,32,32,True
1760,32,32,True
1761,32,32,True
1762,32,21,False
1763,32,33,False
1764,32,32,True
1765,33,33,True
1766,33,33,True
1767,33,33,True
1768,33,33,True
1769,33,33,True
1770,33,33,True
1771,33,33,True
1772,33,33,True
1773,33,33,True
1774,33,33,True
1775,33,33,True
1776,33,33,True
1777,33,33,True
1778,33,33,True
1779,33,33,True
1780,33,33,True
1781,33,33,True
1782,33,33,True
1783,33,33,True
1784,33,33,True
1785,33,33,True
1786,33,33,True
1787,33,33,True
1788,33,33,True
1789,33,33,True
1790,33,33,True
1791,33,33,True
1792,33,33,True
1793,33,33,True
1794,33,33,True
1795,33,33,True
1796,33,33,True
1797,33,17,False
1798,33,33,True
1799,33,33,True
1800,33,33,True
1801,33,33,True
1802,33,33,True
1803,33,33,True
1804,33,33,True
1805,33,33,True
1806,33,33,True
1807,33,33,True
1808,33,33,True
1809,33,33,True
1810,33,33,True
1811,33,33,True
1812,33,33,True
1813,33,33,True
1814,33,33,True
1815,33,26,False
1816,33,33,True
1817,33,17,False
1818,33,33,True
1819,33,33,True
1820,33,33,True
1821,33,33,True
1822,33,33,True
1823,33,33,True
1824,33,33,True
1825,33,33,True
1826,33,33,True
1827,33,33,True
1828,33,33,True
1829,33,33,True
1830,33,33,True
1831,33,33,True
1832,33,33,True
1833,33,33,True
1834,33,33,True
1835,33,33,True
1836,33,33,True
1837,33,33,True
1838,33,17,False
1839,33,33,True
1840,33,33,True
1841,33,33,True
1842,33,33,True
1843,33,33,True
1844,33,33,True
1845,33,33,True
1846,33,33,True
1847,33,33,True
1848,33,33,True
1849,33,33,True
1850,33,33,True
1851,33,33,True
1852,33,33,True
1853,33,33,True
1854,33,33,True
1855,33,33,True
1856,33,33,True
1857,33,33,True
1858,33,33,True
1859,33,33,True
1860,33,33,True
1861,33,33,True
1862,33,33,True
1863,33,33,True
1864,33,33,True
1865,33,33,True
1866,33,33,True
1867,33,33,True
1868,33,33,True
1869,33,33,True
1870,33,33,True
1871,33,33,True
1872,33,33,True
1873,33,33,True
1874,33,33,True
1875,33,33,True
1876,33,33,True
1877,33,33,True
1878,33,33,True
1879,33,33,True
1880,33,33,True
1881,33,33,True
1882,33,33,True
1883,33,33,True
1884,33,33,True
1885,33,33,True
1886,33,33,True
1887,33,33,True
1888,33,33,True
1889,33,33,True
1890,33,33,True
1891,33,33,True
1892,33,33,True
1893,33,33,True
1894,33,33,True
1895,33,33,True
1896,33,33,True
1897,33,33,True
1898,33,33,True
1899,34,88,False
1900,34,33,False
1901,34,26,False
1902,34,88,False
1903,34,26,False
1904,34,21,False
1905,34,26,False
1906,34,26,False
1907,34,33,False
1908,34,51,False
1909,34,26,False
1910,34,26,False
1911,34,34,True
1912,34,26,False
1913,34,33,False
1914,34,17,False
1915,34,26,False
1916,34,26,False
1917,34,12,False
1918,34,26,False
1919,34,26,False
1920,34,26,False
1921,34,26,False
1922,34,21,False
1923,34,26,False
1924,34,33,False
1925,34,26,False
1926,34,26,False
1927,34,26,False
1928,34,33,False
1929,34,5,False
1930,34,26,False
1931,34,26,False
1932,34,77,False
1933,34,33,False
1934,34,26,False
1935,34,26,False
1936,34,26,False
1937,34,26,False
1938,35,25,False
1939,35,42,False
1940,35,21,False
1941,35,42,False
1942,35,12,False
1943,35,42,False
1944,35,42,False
1945,35,35,True
1946,35,42,False
1947,35,25,False
1948,35,42,False
1949,35,35,True
1950,35,42,False
1951,35,35,True
1952,35,42,False
1953,35,42,False
1954,35,35,True
1955,35,42,False
1956,35,42,False
1957,35,35,True
1958,35,42,False
1959,35,25,False
1960,35,42,False
1961,35,35,True
1962,35,25,False
1963,35,35,True
1964,35,35,True
1965,35,42,False
1966,35,21,False
1967,35,35,True
1968,35,42,False
1969,35,42,False
1970,35,35,True
1971,35,42,False
1972,35,35,True
1973,35,42,False
1974,35,42,False
1975,35,42,False
1976,35,42,False
1977,35,42,False
1978,35,42,False
1979,35,42,False
1980,35,97,False
1981,35,97,False
1982,35,42,False
1983,35,42,False
1984,35,42,False
1985,35,42,False
1986,35,35,True
1987,35,35,True
1988,35,42,False
1989,35,35,True
1990,35,42,False
1991,35,42,False
1992,35,35,True
1993,35,42,False
1994,35,42,False
1995,35,42,False
1996,35,72,False
1997,35,35,True
1998,35,35,True
1999,35,35,True
2000,35,42,False
2001,35,35,True
2002,35,35,True
2003,35,35,True
2004,35,25,False
2005,35,25,False
2006,35,17,False
2007,35,35,True
2008,35,42,False
2009,35,35,True
2010,35,35,True
2011,35,35,True
2012,35,42,False
2013,35,42,False
2014,35,35,True
2015,35,35,True
2016,35,12,False
2017,35,25,False
2018,35,35,True
2019,35,42,False
2020,35,42,False
2021,35,42,False
2022,35,35,True
2023,35,25,False
2024,35,42,False
2025,35,42,False
2026,35,25,False
2027,36,42,False
2028,36,36,True
2029,36,42,False
2030,36,42,False
2031,36,42,False
2032,36,42,False
2033,36,36,True
2034,36,42,False
2035,36,42,False
2036,36,36,True
2037,36,42,False
2038,36,42,False
2039,36,23,False
2040,36,42,False
2041,36,33,False
2042,36,26,False
2043,36,42,False
2044,36,42,False
2045,36,36,True
2046,36,42,False
2047,36,42,False
2048,36,36,True
2049,36,42,False
2050,36,42,False
2051,36,33,False
2052,36,36,True
2053,36,36,True
2054,36,42,False
2055,36,33,False
2056,36,36,True
2057,36,88,False
2058,36,42,False
2059,36,33,False
2060,36,33,False
2061,36,33,False
2062,36,42,False
2063,36,42,False
2064,36,36,True
2065,36,42,False
2066,36,36,True
2067,36,42,False
2068,36,42,False
2069,36,42,False
2070,37,12,False
2071,37,51,False
2072,37,45,False
2073,37,37,True
2074,37,12,False
2075,37,32,False
2076,37,12,False
2077,37,37,True
2078,37,37,True
2079,37,12,False
2080,37,33,False
2081,37,25,False
2082,37,8,False
2083,37,37,True
2084,37,78,False
2085,37,37,True
2086,37,12,False
2087,37,12,False
2088,37,8,False
2089,37,37,True
2090,37,37,True
2091,37,37,True
2092,37,12,False
2093,37,37,True
2094,37,12,False
2095,37,51,False
2096,37,37,True
2097,37,37,True
2098,37,37,True
2099,37,37,True
2100,37,37,True
2101,37,37,True
2102,37,37,True
2103,37,37,True
2104,37,21,False
2105,37,31,False
2106,37,37,True
2107,37,37,True
2108,37,37,True
2109,37,37,True
2110,37,12,False
2111,37,15,False
2112,37,37,True
2113,37,26,False
2114,37,77,False
2115,38,38,True
2116,38,38,True
2117,38,38,True
2118,38,38,True
2119,38,38,True
2120,38,38,True
2121,38,33,False
2122,38,38,True
2123,38,38,True
2124,38,33,False
2125,38,38,True
2126,38,38,True
2127,38,38,True
2128,38,38,True
2129,38,33,False
2130,38,42,False
2131,38,24,False
2132,38,17,False
2133,38,86,False
2134,38,33,False
2135,39,42,False
2136,39,39,True
2137,39,39,True
2138,39,39,True
2139,39,39,True
2140,39,39,True
2141,39,39,True
2142,39,39,True
2143,39,39,True
2144,39,39,True
2145,39,39,True
2146,39,39,True
2147,39,39,True
2148,39,39,True
2149,39,39,True
2150,39,39,True
2151,39,39,True
2152,39,39,True
2153,39,39,True
2154,39,39,True
2155,39,39,True
2156,39,39,True
2157,39,39,True
2158,39,42,False
2159,39,39,True
2160,39,39,True
2161,39,39,True
2162,39,39,True
2163,39,39,True
2164,39,39,True
2165,39,39,True
2166,39,17,False
2167,39,39,True
2168,39,42,False
2169,39,39,True
2170,39,42,False
2171,39,39,True
2172,39,39,True
2173,39,39,True
2174,39,39,True
2175,39,39,True
2176,39,39,True
2177,39,39,True
2178,39,39,True
2179,39,39,True
2180,39,33,False
2181,39,39,True
2182,39,39,True
2183,39,39,True
2184,39,39,True
2185,39,39,True
2186,39,39,True
2187,39,39,True
2188,39,39,True
2189,39,39,True
2190,39,39,True
2191,39,42,False
2192,39,39,True
2193,39,39,True
2194,39,39,True
2195,39,39,True
2196,39,39,True
2197,39,39,True
2198,39,39,True
2199,39,39,True
2200,39,39,True
2201,39,39,True
2202,39,39,True
2203,39,39,True
2204,39,39,True
2205,39,39,True
2206,39,39,True
2207,39,39,True
2208,39,23,False
2209,39,39,True
2210,39,39,True
2211,39,33,False
2212,39,39,True
2213,39,39,True
2214,39,42,False
2215,39,39,True
2216,39,39,True
2217,39,39,True
2218,39,39,True
2219,39,39,True
2220,39,39,True
2221,39,39,True
2222,39,39,True
2223,39,42,False
2224,39,39,True
2225,39,39,True
2226,39,39,True
2227,39,39,True
2228,39,39,True
2229,39,42,False
2230,39,42,False
2231,39,39,True
2232,39,39,True
2233,39,39,True
2234,39,39,True
2235,39,39,True
2236,39,42,False
2237,39,39,True
2238,39,39,True
2239,39,39,True
2240,39,39,True
2241,39,23,False
2242,39,39,True
2243,39,39,True
2244,39,39,True
2245,39,39,True
2246,39,39,True
2247,39,39,True
2248,39,39,True
2249,39,39,True
2250,39,39,True
2251,39,39,True
2252,39,39,True
2253,39,42,False
2254,39,39,True
2255,39,39,True
2256,39,39,True
2257,39,39,True
2258,39,39,True
2259,39,39,True
2260,39,39,True
2261,39,39,True
2262,39,39,True
2263,39,39,True
2264,39,39,True
2265,39,39,True
2266,39,39,True
2267,39,39,True
2268,39,39,True
2269,39,42,False
2270,39,39,True
2271,39,39,True
2272,39,39,True
2273,39,39,True
2274,39,39,True
2275,39,39,True
2276,39,39,True
2277,40,42,False
2278,40,33,False
2279,40,33,False
2280,40,33,False
2281,40,33,False
2282,40,33,False
2283,40,33,False
2284,40,42,False
2285,40,33,False
2286,40,42,False
2287,40,33,False
2288,40,33,False
2289,40,33,False
2290,40,33,False
2291,40,36,False
2292,40,33,False
2293,40,33,False
2294,40,42,False
2295,40,42,False
2296,40,42,False
2297,40,33,False
2298,40,33,False
2299,40,42,False
2300,40,42,False
2301,40,33,False
2302,40,42,False
2303,40,33,False
2304,40,78,False
2305,40,42,False
2306,40,33,False
2307,40,33,False
2308,40,42,False
2309,40,33,False
2310,40,42,False
2311,40,33,False
2312,40,33,False
2313,40,33,False
2314,40,33,False
2315,40,33,False
2316,40,33,False
2317,40,33,False
2318,40,33,False
2319,40,42,False
2320,40,33,False
2321,40,33,False
2322,40,33,False
2323,40,33,False
2324,40,33,False
2325,40,33,False
2326,40,42,False
2327,40,33,False
2328,40,33,False
2329,40,42,False
2330,40,36,False
2331,40,33,False
2332,40,33,False
2333,40,42,False
2334,40,33,False
2335,40,33,False
2336,40,56,False
2337,40,33,False
2338,40,33,False
2339,40,33,False
2340,40,33,False
2341,40,42,False
2342,40,42,False
2343,40,42,False
2344,40,33,False
2345,40,42,False
2346,40,33,False
2347,40,42,False
2348,40,42,False
2349,40,33,False
2350,40,33,False
2351,40,33,False
2352,40,42,False
2353,40,33,False
2354,40,33,False
2355,40,33,False
2356,40,33,False
2357,40,33,False
2358,40,33,False
2359,40,33,False
2360,40,42,False
2361,40,42,False
2362,40,42,False
2363,40,33,False
2364,40,33,False
2365,40,33,False
2366,40,40,True
2367,40,42,False
2368,40,33,False
2369,40,33,False
2370,40,33,False
2371,40,33,False
2372,40,36,False
2373,40,33,False
2374,40,33,False
2375,40,33,False
2376,40,33,False
2377,40,33,False
2378,40,33,False
2379,40,33,False
2380,40,33,False
2381,40,33,False
2382,40,33,False
2383,40,33,False
2384,40,33,False
2385,40,33,False
2386,40,33,False
2387,40,33,False
2388,40,33,False
2389,40,33,False
2390,40,42,False
2391,40,33,False
2392,40,33,False
2393,40,36,False
2394,40,42,False
2395,40,33,False
2396,40,33,False
2397,40,33,False
2398,40,42,False
2399,40,33,False
2400,40,33,False
2401,40,42,False
2402,40,33,False
2403,40,33,False
2404,40,33,False
2405,40,33,False
2406,40,33,False
2407,40,33,False
2408,40,33,False
2409,40,33,False
2410,40,33,False
2411,40,33,False
2412,40,33,False
2413,40,33,False
2414,40,33,False
2415,40,33,False
2416,40,33,False
2417,40,33,False
2418,40,33,False
2419,40,33,False
2420,40,33,False
2421,40,33,False
2422,40,36,False
2423,41,41,True
2424,41,33,False
2425,41,33,False
2426,41,33,False
2427,41,41,True
2428,41,41,True
2429,41,41,True
2430,41,17,False
2431,41,41,True
2432,41,39,False
2433,41,41,True
2434,41,39,False
2435,41,33,False
2436,41,41,True
2437,41,33,False
2438,41,41,True
2439,41,41,True
2440,41,33,False
2441,41,41,True
2442,41,41,True
2443,41,41,True
2444,41,39,False
2445,41,41,True
2446,41,41,True
2447,41,39,False
2448,41,41,True
2449,41,41,True
2450,41,41,True
2451,41,41,True
2452,41,41,True
2453,41,33,False
2454,41,41,True
2455,41,41,True
2456,41,41,True
2457,41,41,True
2458,41,41,True
2459,41,62,False
2460,41,62,False
2461,41,41,True
2462,41,62,False
2463,41,23,False
2464,41,41,True
2465,41,41,True
2466,41,41,True
2467,41,41,True
2468,41,41,True
2469,41,39,False
2470,41,41,True
2471,41,41,True
2472,41,41,True
2473,41,41,True
2474,41,41,True
2475,41,41,True
2476,41,41,True
2477,41,41,True
2478,41,41,True
2479,41,41,True
2480,41,41,True
2481,41,39,False
2482,41,41,True
2483,41,33,False
2484,41,41,True
2485,41,41,True
2486,41,41,True
2487,41,41,True
2488,41,41,True
2489,41,41,True
2490,41,41,True
2491,41,41,True
2492,41,33,False
2493,41,41,True
2494,42,42,True
2495,42,42,True
2496,42,42,True
2497,42,42,True
2498,42,42,True
2499,42,42,True
2500,42,42,True
2501,42,42,True
2502,42,42,True
2503,42,42,True
2504,42,42,True
2505,42,42,True
2506,42,42,True
2507,42,42,True
2508,42,42,True
2509,42,42,True
2510,42,42,True
2511,42,42,True
2512,42,42,True
2513,42,42,True
2514,42,42,True
2515,42,42,True
2516,42,42,True
2517,42,42,True
2518,42,42,True
2519,43,42,False
2520,43,39,False
2521,43,42,False
2522,43,42,False
2523,43,43,True
2524,43,42,False
2525,43,42,False
2526,43,33,False
2527,43,43,True
2528,43,23,False
2529,43,23,False
2530,43,43,True
2531,43,42,False
2532,43,42,False
2533,43,39,False
2534,43,42,False
2535,43,23,False
2536,43,23,False
2537,43,42,False
2538,43,42,False
2539,43,42,False
2540,43,42,False
2541,43,42,False
2542,43,10,False
2543,43,42,False
2544,43,24,False
2545,43,42,False
2546,43,33,False
2547,43,42,False
2548,43,42,False
2549,43,33,False
2550,43,42,False
2551,43,33,False
2552,43,42,False
2553,43,42,False
2554,43,42,False
2555,43,42,False
2556,43,42,False
2557,43,42,False
2558,43,42,False
2559,43,33,False
2560,43,42,False
2561,43,33,False
2562,43,33,False
2563,43,42,False
2564,43,42,False
2565,43,42,False
2566,44,12,False
2567,44,12,False
2568,44,12,False
2569,44,12,False
2570,44,12,False
2571,44,12,False
2572,44,44,True
2573,44,8,False
2574,44,12,False
2575,44,12,False
2576,44,44,True
2577,44,44,True
2578,44,12,False
2579,44,44,True
2580,44,12,False
2581,44,12,False
2582,44,12,False
2583,44,91,False
2584,44,12,False
2585,44,8,False
2586,44,12,False
2587,44,8,False
2588,44,12,False
2589,44,12,False
2590,44,12,False
2591,44,12,False
2592,44,8,False
2593,44,97,False
2594,44,12,False
2595,44,12,False
2596,44,44,True
2597,44,12,False
2598,44,12,False
2599,44,8,False
2600,44,8,False
2601,44,91,False
2602,44,12,False
2603,44,8,False
2604,44,12,False
2605,44,8,False
2606,44,77,False
2607,44,12,False
2608,44,12,False
2609,44,77,False
2610,44,12,False
2611,44,12,False
2612,44,12,False
2613,44,12,False
2614,44,12,False
2615,44,91,False
2616,44,12,False
2617,44,12,False
2618,44,87,False
2619,44,12,False
2620,44,12,False
2621,44,12,False
2622,44,12,False
2623,44,44,True
2624,45,45,True
2625,45,45,True
2626,45,45,True
2627,45,45,True
2628,45,45,True
2629,45,45,True
2630,45,45,True
2631,45,45,True
2632,45,45,True
2633,45,45,True
2634,45,45,True
2635,45,45,True
2636,45,21,False
2637,45,17,False
2638,45,45,True
2639,45,45,True
2640,45,45,True
2641,45,45,True
2642,45,45,True
2643,45,45,True
2644,45,45,True
2645,45,45,True
2646,45,45,True
2647,45,45,True
2648,45,17,False
2649,45,45,True
2650,45,45,True
2651,45,45,True
2652,45,45,True
2653,45,45,True
2654,45,45,True
2655,45,45,True
2656,45,45,True
2657,45,45,True
2658,45,45,True
2659,45,45,True
2660,45,45,True
2661,45,45,True
2662,45,45,True
2663,45,45,True
2664,45,45,True
2665,45,45,True
2666,45,45,True
2667,45,45,True
2668,45,45,True
2669,45,45,True
2670,45,45,True
2671,45,45,True
2672,45,45,True
2673,45,45,True
2674,45,45,True
2675,45,45,True
2676,45,45,True
2677,45,45,True
2678,45,45,True
2679,45,45,True
2680,45,45,True
2681,45,45,True
2682,45,45,True
2683,45,45,True
2684,45,45,True
2685,45,45,True
2686,45,45,True
2687,45,45,True
2688,45,42,False
2689,45,45,True
2690,45,45,True
2691,45,45,True
2692,45,45,True
2693,45,45,True
2694,45,45,True
2695,45,45,True
2696,45,45,True
2697,45,45,True
2698,45,45,True
2699,45,45,True
2700,45,45,True
2701,45,45,True
2702,45,45,True
2703,45,42,False
2704,45,45,True
2705,45,45,True
2706,45,45,True
2707,45,45,True
2708,45,45,True
2709,45,45,True
2710,45,45,True
2711,45,45,True
2712,45,45,True
2713,45,45,True
2714,45,45,True
2715,45,45,True
2716,45,45,True
2717,45,45,True
2718,46,42,False
2719,46,21,False
2720,46,32,False
2721,46,33,False
2722,46,21,False
2723,46,32,False
2724,46,17,False
2725,46,33,False
2726,46,21,False
2727,46,33,False
2728,46,33,False
2729,46,17,False
2730,46,21,False
2731,46,33,False
2732,46,33,False
2733,46,21,False
2734,46,21,False
2735,46,33,False
2736,46,42,False
2737,46,21,False
2738,46,33,False
2739,47,47,True
2740,47,47,True
2741,47,47,True
2742,47,47,True
2743,47,47,True
2744,47,47,True
2745,47,47,True
2746,47,47,True
2747,47,82,False
2748,47,76,False
2749,47,47,True
2750,47,47,True
2751,47,47,True
2752,47,47,True
2753,47,47,True
2754,47,82,False
2755,47,47,True
2756,47,47,True
2757,47,47,True
2758,47,47,True
2759,47,3,False
2760,47,47,True
2761,47,47,True
2762,47,10,False
2763,47,47,True
2764,48,48,True
2765,48,42,False
2766,48,48,True
2767,48,48,True
2768,48,42,False
2769,48,48,True
2770,48,48,True
2771,48,48,True
2772,48,48,True
2773,48,48,True
2774,48,48,True
2775,48,48,True
2776,48,48,True
2777,48,48,True
2778,48,48,True
2779,48,48,True
2780,48,48,True
2781,48,48,True
2782,48,48,True
2783,48,48,True
2784,48,42,False
2785,49,42,False
2786,49,39,False
2787,49,49,True
2788,49,39,False
2789,49,42,False
2790,49,71,False
2791,49,42,False
2792,49,42,False
2793,49,39,False
2794,49,71,False
2795,49,42,False
2796,49,42,False
2797,49,10,False
2798,49,71,False
2799,49,57,False
2800,49,39,False
2801,49,42,False
2802,49,71,False
2803,49,39,False
2804,49,65,False
2805,49,42,False
2806,49,10,False
2807,49,39,False
2808,49,42,False
2809,49,10,False
2810,49,42,False
2811,49,42,False
2812,49,42,False
2813,49,10,False
2814,49,23,False
2815,49,42,False
2816,49,10,False
2817,49,10,False
2818,49,10,False
2819,49,10,False
2820,49,10,False
2821,50,26,False
2822,50,99,False
2823,50,50,True
2824,50,26,False
2825,50,50,True
2826,50,50,True
2827,50,50,True
2828,50,50,True
2829,50,50,True
2830,50,39,False
2831,50,50,True
2832,50,50,True
2833,50,99,False
2834,50,50,True
2835,50,26,False
2836,50,26,False
2837,50,33,False
2838,50,50,True
2839,50,26,False
2840,50,26,False
2841,50,50,True
2842,50,26,False
2843,50,50,True
2844,50,50,True
2845,50,50,True
2846,50,39,False
2847,50,50,True
2848,50,50,True
2849,50,50,True
2850,50,42,False
2851,50,50,True
2852,50,50,True
2853,50,50,True
2854,50,50,True
2855,50,50,True
2856,50,39,False
2857,50,50,True
2858,50,50,True
2859,50,50,True
2860,50,99,False
2861,51,42,False
2862,51,26,False
2863,51,33,False
2864,51,26,False
2865,51,5,False
2866,51,51,True
2867,51,51,True
2868,51,51,True
2869,51,51,True
2870,51,51,True
2871,51,17,False
2872,51,51,True
2873,51,51,True
2874,51,51,True
2875,51,51,True
2876,51,51,True
2877,51,51,True
2878,51,51,True
2879,51,51,True
2880,51,51,True
2881,51,51,True
2882,51,51,True
2883,51,42,False
2884,51,33,False
2885,51,51,True
2886,51,51,True
2887,51,51,True
2888,51,51,True
2889,51,17,False
2890,51,42,False
2891,51,0,False
2892,51,51,True
2893,51,42,False
2894,51,98,False
2895,51,51,True
2896,51,33,False
2897,51,51,True
2898,51,51,True
2899,51,51,True
2900,51,5,False
2901,51,51,True
2902,51,51,True
2903,51,51,True
2904,51,17,False
2905,51,51,True
2906,51,51,True
2907,51,51,True
2908,51,51,True
2909,51,51,True
2910,51,5,False
2911,51,51,True
2912,51,51,True
2913,51,51,True
2914,51,51,True
2915,51,17,False
2916,51,26,False
2917,51,51,True
2918,51,51,True
2919,51,51,True
2920,51,51,True
2921,51,51,True
2922,51,51,True
2923,51,17,False
2924,51,51,True
2925,51,51,True
2926,51,51,True
2927,51,51,True
2928,51,51,True
2929,51,26,False
2930,51,51,True
2931,51,51,True
2932,51,42,False
2933,51,42,False
2934,51,51,True
2935,51,42,False
2936,51,51,True
2937,51,51,True
2938,51,98,False
2939,51,5,False
2940,51,51,True
2941,51,51,True
2942,51,51,True
2943,51,51,True
2944,51,51,True
2945,51,51,True
2946,51,42,False
2947,51,17,False
2948,51,51,True
2949,51,51,True
2950,51,51,True
2951,51,26,False
2952,51,42,False
2953,51,51,True
2954,51,51,True
2955,51,17,False
2956,51,42,False
2957,51,51,True
2958,51,78,False
2959,51,64,False
2960,51,51,True
2961,51,51,True
2962,51,51,True
2963,51,42,False
2964,51,26,False
2965,51,51,True
2966,51,42,False
2967,51,51,True
2968,51,42,False
2969,51,51,True
2970,51,26,False
2971,51,17,False
2972,52,33,False
2973,52,42,False
2974,52,93,False
2975,52,26,False
2976,52,26,False
2977,52,23,False
2978,52,33,False
2979,52,33,False
2980,52,42,False
2981,52,26,False
2982,52,5,False
2983,52,52,True
2984,52,42,False
2985,52,42,False
2986,52,26,False
2987,52,33,False
2988,52,42,False
2989,52,26,False
2990,52,26,False
2991,52,28,False
2992,52,33,False
2993,52,52,True
2994,52,26,False
2995,52,33,False
2996,52,18,False
2997,52,42,False
2998,52,26,False
2999,52,26,False
3000,52,42,False
3001,52,26,False
3002,52,33,False
3003,52,42,False
3004,52,17,False
3005,52,28,False
3006,52,36,False
3007,52,26,False
3008,52,42,False
3009,52,33,False
3010,52,52,True
3011,52,26,False
3012,52,26,False
3013,52,51,False
3014,52,42,False
3015,52,26,False
3016,52,5,False
3017,52,33,False
3018,52,26,False
3019,52,33,False
3020,52,93,False
3021,52,51,False
3022,52,26,False
3023,52,51,False
3024,52,93,False
3025,52,33,False
3026,52,33,False
3027,52,33,False
3028,53,42,False
3029,53,42,False
3030,53,42,False
3031,53,42,False
3032,53,42,False
3033,53,42,False
3034,53,42,False
3035,53,42,False
3036,53,42,False
3037,53,42,False
3038,53,42,False
3039,53,42,False
3040,53,26,False
3041,53,42,False
3042,53,42,False
3043,53,23,False
3044,53,42,False
3045,53,42,False
3046,53,42,False
3047,53,33,False
3048,53,42,False
3049,53,42,False
3050,53,39,False
3051,53,21,False
3052,53,42,False
3053,53,42,False
3054,53,42,False
3055,53,26,False
3056,53,21,False
3057,53,42,False
3058,53,42,False
3059,53,42,False
3060,53,21,False
3061,53,21,False
3062,53,21,False
3063,54,54,True
3064,54,54,True
3065,54,8,False
3066,54,54,True
3067,54,54,True
3068,54,10,False
3069,54,10,False
3070,54,10,False
3071,54,10,False
3072,54,54,True
3073,54,10,False
3074,54,8,False
3075,54,3,False
3076,54,67,False
3077,54,10,False
3078,54,3,False
3079,54,6,False
3080,54,97,False
3081,54,10,False
3082,54,10,False
3083,54,54,True
3084,54,10,False
3085,54,10,False
3086,54,54,True
3087,54,8,False
3088,54,54,True
3089,54,57,False
3090,54,54,True
3091,54,54,True
3092,55,5,False
3093,55,23,False
3094,55,39,False
3095,55,55,True
3096,55,17,False
3097,55,98,False
3098,55,42,False
3099,55,39,False
3100,55,16,False
3101,55,17,False
3102,55,17,False
3103,55,26,False
3104,55,16,False
3105,55,33,False
3106,55,33,False
3107,55,17,False
3108,55,26,False
3109,55,30,False
3110,55,26,False
3111,55,39,False
3112,55,17,False
3113,55,17,False
3114,55,39,False
3115,55,26,False
3116,55,42,False
3117,55,21,False
3118,55,42,False
3119,55,23,False
3120,55,17,False
3121,55,26,False
3122,55,23,False
3123,55,17,False
3124,55,26,False
3125,55,42,False
3126,55,17,False
3127,55,17,False
3128,55,33,False
3129,55,17,False
3130,55,17,False
3131,55,33,False
3132,55,26,False
3133,55,23,False
3134,55,33,False
3135,55,39,False
3136,55,26,False
3137,55,33,False
3138,55,23,False
3139,56,33,False
3140,56,33,False
3141,56,26,False
3142,56,56,True
3143,56,33,False
3144,56,33,False
3145,56,33,False
3146,56,33,False
3147,56,56,True
3148,56,33,False
3149,56,33,False
3150,56,33,False
3151,56,56,True
3152,56,33,False
3153,56,56,True
3154,56,56,True
3155,56,56,True
3156,56,33,False
3157,56,33,False
3158,56,33,False
3159,56,42,False
3160,56,56,True
3161,56,56,True
3162,56,33,False
3163,56,56,True
3164,56,56,True
3165,56,56,True
3166,56,33,False
3167,56,33,False
3168,56,33,False
3169,56,33,False
3170,56,33,False
3171,56,33,False
3172,56,33,False
3173,56,33,False
3174,56,33,False
3175,56,33,False
3176,56,33,False
3177,56,56,True
3178,56,33,False
3179,56,56,True
3180,56,56,True
3181,56,33,False
3182,56,42,False
3183,56,26,False
3184,56,33,False
3185,56,56,True
3186,56,56,True
3187,56,33,False
3188,56,56,True
3189,56,33,False
3190,56,56,True
3191,56,33,False
3192,56,56,True
3193,56,56,True
3194,56,56,True
3195,56,33,False
3196,56,33,False
3197,56,33,False
3198,56,56,True
3199,56,56,True
3200,56,33,False
3201,56,33,False
3202,56,56,True
3203,56,33,False
3204,56,33,False
3205,56,33,False
3206,56,56,True
3207,56,30,False
3208,56,56,True
3209,56,33,False
3210,56,33,False
3211,56,33,False
3212,56,17,False
3213,56,26,False
3214,56,33,False
3215,56,26,False
3216,56,33,False
3217,56,56,True
3218,56,56,True
3219,56,56,True
3220,56,56,True
3221,56,56,True
3222,56,56,True
3223,56,33,False
3224,56,33,False
3225,56,33,False
3226,56,33,False
3227,56,56,True
3228,56,56,True
3229,56,56,True
3230,56,33,False
3231,56,33,False
3232,56,33,False
3233,56,56,True
3234,56,33,False
3235,56,56,True
3236,56,56,True
3237,56,56,True
3238,56,56,True
3239,56,56,True
3240,56,56,True
3241,56,56,True
3242,56,33,False
3243,56,56,True
3244,56,56,True
3245,56,33,False
3246,56,56,True
3247,56,33,False
3248,56,56,True
3249,56,56,True
3250,56,33,False
3251,56,33,False
3252,56,56,True
3253,56,33,False
3254,56,33,False
3255,56,33,False
3256,57,57,True
3257,57,57,True
3258,57,57,True
3259,57,57,True
3260,57,57,True
3261,57,57,True
3262,57,57,True
3263,57,28,False
3264,57,57,True
3265,57,57,True
3266,57,42,False
3267,57,42,False
3268,57,57,True
3269,57,57,True
3270,57,57,True
3271,57,57,True
3272,57,57,True
3273,57,57,True
3274,57,57,True
3275,57,57,True
3276,57,42,False
3277,57,57,True
3278,57,57,True
3279,57,10,False
3280,57,57,True
3281,57,57,True
3282,58,33,False
3283,58,33,False
3284,58,33,False
3285,58,33,False
3286,58,33,False
3287,58,33,False
3288,58,33,False
3289,58,33,False
3290,58,33,False
3291,58,33,False
3292,58,26,False
3293,58,33,False
3294,58,33,False
3295,58,26,False
3296,58,42,False
3297,58,33,False
3298,58,33,False
3299,58,33,False
3300,58,33,False
3301,58,33,False
3302,58,42,False
3303,58,33,False
3304,58,33,False
3305,58,33,False
3306,58,33,False
3307,58,33,False
3308,58,42,False
3309,58,17,False
3310,58,33,False
3311,58,33,False
3312,58,33,False
3313,58,33,False
3314,58,33,False
3315,58,33,False
3316,58,33,False
3317,58,33,False
3318,58,42,False
3319,58,33,False
3320,58,33,False
3321,58,33,False
3322,58,33,False
3323,58,33,False
3324,58,33,False
3325,59,17,False
3326,59,59,True
3327,59,17,False
3328,59,68,False
3329,59,17,False
3330,59,17,False
3331,59,39,False
3332,59,17,False
3333,59,2,False
3334,59,21,False
3335,59,17,False
3336,59,17,False
3337,59,17,False
3338,59,21,False
3339,59,17,False
3340,59,72,False
3341,59,17,False
3342,59,21,False
3343,59,17,False
3344,59,93,False
3345,59,17,False
3346,59,21,False
3347,59,17,False
3348,59,17,False
3349,59,17,False
3350,59,51,False
3351,59,17,False
3352,59,32,False
3353,59,17,False
3354,59,2,False
3355,59,51,False
3356,59,17,False
3357,59,17,False
3358,59,21,False
3359,59,83,False
3360,59,17,False
3361,59,21,False
3362,59,17,False
3363,59,51,False
3364,59,17,False
3365,59,23,False
3366,59,33,False
3367,59,17,False
3368,59,17,False
3369,59,17,False
3370,59,33,False
3371,60,45,False
3372,60,60,True
3373,60,45,False
3374,60,60,True
3375,60,45,False
3376,60,45,False
3377,60,60,True
3378,60,45,False
3379,60,45,False
3380,60,60,True
3381,60,45,False
3382,60,60,True
3383,60,25,False
3384,60,60,True
3385,60,45,False
3386,60,45,False
3387,60,60,True
3388,60,60,True
3389,60,60,True
3390,60,45,False
3391,60,60,True
3392,60,60,True
3393,60,32,False
3394,60,60,True
3395,60,32,False
3396,60,60,True
3397,60,60,True
3398,60,60,True
3399,60,60,True
3400,60,60,True
3401,60,60,True
3402,60,21,False
3403,60,60,True
3404,60,25,False
3405,60,45,False
3406,60,45,False
3407,60,60,True
3408,60,60,True
3409,60,45,False
3410,60,32,False
3411,60,60,True
3412,60,60,True
3413,60,60,True
3414,60,45,False
3415,60,60,True
3416,60,25,False
3417,60,45,False
3418,61,5,False
3419,61,17,False
3420,61,23,False
3421,61,23,False
3422,61,26,False
3423,61,17,False
3424,61,17,False
3425,61,42,False
3426,61,17,False
3427,61,70,False
3428,61,17,False
3429,61,61,True
3430,61,17,False
3431,61,42,False
3432,61,17,False
3433,61,42,False
3434,61,26,False
3435,61,17,False
3436,61,17,False
3437,61,17,False
3438,61,26,False
3439,61,17,False
3440,61,17,False
3441,61,42,False
3442,61,17,False
3443,61,17,False
3444,61,42,False
3445,61,42,False
3446,61,23,False
3447,61,61,True
3448,61,5,False
3449,61,42,False
3450,61,5,False
3451,61,17,False
3452,61,17,False
3453,61,23,False
3454,61,70,False
3455,61,17,False
3456,61,61,True
3457,61,26,False
3458,61,17,False
3459,61,17,False
3460,61,17,False
3461,61,42,False
3462,61,17,False
3463,61,42,False
3464,61,42,False
3465,61,61,True
3466,61,17,False
3467,61,5,False
3468,61,17,False
3469,61,5,False
3470,61,17,False
3471,61,42,False
3472,61,17,False
3473,61,17,False
3474,61,17,False
3475,61,61,True
3476,61,42,False
3477,61,61,True
3478,61,61,True
3479,61,51,False
3480,62,42,False
3481,62,62,True
3482,62,42,False
3483,62,42,False
3484,62,42,False
3485,62,17,False
3486,62,42,False
3487,62,42,False
3488,62,42,False
3489,62,62,True
3490,62,39,False
3491,62,42,False
3492,62,42,False
3493,62,42,False
3494,62,48,False
3495,62,33,False
3496,62,23,False
3497,62,42,False
3498,62,62,True
3499,62,62,True
3500,62,62,True
3501,62,42,False
3502,62,39,False
3503,62,42,False
3504,62,42,False
3505,62,62,True
3506,63,33,False
3507,63,33,False
3508,63,42,False
3509,63,33,False
3510,63,33,False
3511,63,33,False
3512,63,33,False
3513,63,33,False
3514,63,33,False
3515,63,42,False
3516,63,42,False
3517,63,42,False
3518,63,33,False
3519,63,42,False
3520,63,33,False
3521,63,33,False
3522,63,42,False
3523,63,33,False
3524,63,42,False
3525,63,33,False
3526,64,42,False
3527,64,64,True
3528,64,64,True
3529,64,64,True
3530,64,64,True
3531,64,64,True
3532,64,26,False
3533,64,64,True
3534,64,42,False
3535,64,64,True
3536,64,42,False
3537,64,17,False
3538,64,42,False
3539,64,64,True
3540,64,64,True
3541,64,64,True
3542,64,64,True
3543,64,42,False
3544,64,17,False
3545,64,42,False
3546,64,17,False
3547,64,64,True
3548,64,42,False
3549,64,23,False
3550,64,89,False
3551,64,64,True
3552,64,42,False
3553,64,64,True
3554,64,64,True
3555,64,64,True
3556,64,64,True
3557,64,64,True
3558,64,17,False
3559,64,42,False
3560,64,64,True
3561,64,64,True
3562,64,64,True
3563,64,64,True
3564,64,64,True
3565,64,64,True
3566,64,64,True
3567,64,64,True
3568,64,42,False
3569,64,64,True
3570,64,64,True
3571,64,64,True
3572,64,42,False
3573,64,42,False
3574,64,64,True
3575,64,64,True
3576,64,42,False
3577,64,17,False
3578,64,23,False
3579,64,23,False
3580,64,64,True
3581,64,64,True
3582,64,64,True
3583,64,64,True
3584,64,64,True
3585,64,64,True
3586,64,64,True
3587,64,64,True
3588,64,64,True
3589,64,64,True
3590,64,89,False
3591,64,64,True
3592,64,64,True
3593,64,42,False
3594,64,64,True
3595,64,64,True
3596,64,64,True
3597,64,26,False
3598,64,42,False
3599,64,64,True
3600,64,64,True
3601,64,64,True
3602,64,64,True
3603,64,64,True
3604,64,64,True
3605,64,64,True
3606,64,64,True
3607,64,17,False
3608,64,83,False
3609,64,17,False
3610,64,64,True
3611,64,64,True
3612,64,64,True
3613,65,65,True
3614,65,65,True
3615,65,65,True
3616,65,65,True
3617,65,65,True
3618,65,65,True
3619,65,65,True
3620,65,65,True
3621,65,65,True
3622,65,65,True
3623,65,65,True
3624,65,65,True
3625,65,65,True
3626,65,65,True
3627,65,65,True
3628,65,65,True
3629,65,65,True
3630,65,65,True
3631,65,65,True
3632,65,65,True
3633,65,65,True
3634,65,65,True
3635,65,65,True
3636,65,65,True
3637,65,65,True
3638,65,42,False
3639,65,65,True
3640,65,65,True
3641,65,42,False
3642,65,65,True
3643,65,65,True
3644,65,65,True
3645,65,65,True
3646,65,65,True
3647,65,65,True
3648,65,65,True
3649,65,65,True
3650,65,65,True
3651,65,65,True
3652,65,42,False
3653,65,65,True
3654,66,0,False
3655,66,65,False
3656,66,65,False
3657,66,8,False
3658,66,8,False
3659,66,65,False
3660,66,65,False
3661,66,65,False
3662,66,65,False
3663,66,0,False
3664,66,65,False
3665,66,65,False
3666,66,8,False
3667,66,65,False
3668,66,65,False
3669,66,65,False
3670,66,65,False
3671,66,65,False
3672,66,65,False
3673,66,65,False
3674,66,65,False
3675,66,65,False
3676,66,65,False
3677,66,65,False
3678,66,0,False
3679,66,8,False
3680,66,8,False
3681,66,65,False
3682,66,0,False
3683,67,67,True
3684,67,67,True
3685,67,67,True
3686,67,10,False
3687,67,67,True
3688,67,67,True
3689,67,10,False
3690,67,67,True
3691,67,10,False
3692,67,67,True
3693,67,10,False
3694,67,26,False
3695,67,33,False
3696,67,25,False
3697,67,67,True
3698,67,67,True
3699,67,10,False
3700,67,10,False
3701,67,10,False
3702,67,10,False
3703,67,67,True
3704,67,67,True
3705,67,10,False
3706,67,10,False
3707,67,10,False
3708,67,67,True
3709,67,67,True
3710,67,67,True
3711,67,67,True
3712,67,25,False
3713,67,67,True
3714,67,10,False
3715,67,67,True
3716,67,67,True
3717,67,10,False
3718,67,10,False
3719,67,67,True
3720,67,67,True
3721,67,10,False
3722,67,10,False
3723,67,67,True
3724,67,10,False
3725,67,10,False
3726,67,67,True
3727,67,67,True
3728,67,67,True
3729,67,67,True
3730,67,67,True
3731,67,67,True
3732,67,67,True
3733,67,67,True
3734,67,10,False
3735,67,67,True
3736,67,26,False
3737,67,67,True
3738,67,67,True
3739,67,10,False
3740,67,67,True
3741,67,67,True
3742,67,67,True
3743,67,67,True
3744,67,65,False
3745,67,10,False
3746,67,67,True
3747,67,67,True
3748,67,67,True
3749,67,67,True
3750,67,39,False
3751,67,67,True
3752,67,10,False
3753,67,42,False
3754,67,10,False
3755,67,67,True
3756,67,42,False
3757,67,67,True
3758,67,67,True
3759,67,67,True
3760,67,67,True
3761,67,10,False
3762,67,25,False
3763,67,10,False
3764,67,67,True
3765,67,67,True
3766,67,67,True
3767,67,67,True
3768,67,67,True
3769,67,65,False
3770,67,10,False
3771,67,67,True
3772,67,67,True
3773,67,67,True
3774,67,67,True
3775,67,42,False
3776,67,67,True
3777,67,10,False
3778,67,10,False
3779,67,67,True
3780,67,67,True
3781,67,67,True
3782,67,67,True
3783,67,10,False
3784,67,67,True
3785,67,10,False
3786,67,42,False
3787,67,67,True
3788,67,42,False
3789,67,10,False
3790,67,10,False
3791,67,10,False
3792,67,67,True
3793,67,67,True
3794,67,42,False
3795,67,10,False
3796,67,67,True
3797,67,10,False
3798,67,10,False
3799,67,10,False
3800,67,67,True
3801,67,10,False
3802,67,10,False
3803,67,42,False
3804,67,62,False
3805,67,10,False
3806,67,67,True
3807,67,67,True
3808,67,57,False
3809,67,67,True
3810,67,67,True
3811,67,67,True
3812,67,67,True
3813,67,67,True
3814,67,67,True
3815,67,67,True
3816,67,67,True
3817,67,30,False
3818,67,67,True
3819,67,67,True
3820,67,10,False
3821,67,67,True
3822,67,67,True
3823,67,67,True
3824,67,67,True
3825,67,67,True
3826,67,67,True
3827,67,10,False
3828,67,10,False
3829,67,10,False
3830,67,67,True
3831,67,67,True
3832,67,71,False
3833,67,10,False
3834,67,67,True
3835,67,67,True
3836,67,67,True
3837,67,67,True
3838,67,42,False
3839,67,67,True
3840,67,10,False
3841,67,65,False
3842,67,67,True
3843,67,10,False
3844,67,67,True
3845,67,67,True
3846,67,65,False
3847,67,67,True
3848,67,67,True
3849,67,10,False
3850,67,67,True
3851,67,10,False
3852,67,65,False
3853,67,67,True
3854,67,57,False
3855,67,10,False
3856,67,10,False
3857,67,26,False
3858,67,67,True
3859,67,67,True
3860,67,67,True
3861,67,42,False
3862,67,67,True
3863,67,67,True
3864,67,10,False
3865,67,67,True
3866,67,67,True
3867,67,10,False
3868,67,65,False
3869,67,67,True
3870,67,67,True
3871,67,67,True
3872,67,67,True
3873,67,67,True
3874,67,67,True
3875,67,67,True
3876,67,67,True
3877,67,10,False
3878,67,67,True
3879,67,67,True
3880,67,10,False
3881,67,10,False
3882,67,67,True
3883,67,10,False
3884,67,42,False
3885,67,67,True
3886,67,42,False
3887,67,67,True
3888,67,42,False
3889,67,67,True
3890,67,67,True
3891,67,67,True
3892,67,67,True
3893,67,10,False
3894,67,67,True
3895,67,10,False
3896,67,67,True
3897,67,67,True
3898,67,67,True
3899,67,10,False
3900,67,67,True
3901,67,10,False
3902,67,42,False
3903,67,67,True
3904,67,67,True
3905,67,10,False
3906,67,10,False
3907,67,10,False
3908,67,67,True
3909,67,67,True
3910,67,67,True
3911,67,25,False
3912,67,67,True
3913,67,67,True
3914,68,33,False
3915,68,23,False
3916,68,42,False
3917,68,33,False
3918,68,17,False
3919,68,23,False
3920,68,23,False
3921,68,68,True
3922,68,68,True
3923,68,23,False
3924,68,68,True
3925,68,23,False
3926,68,68,True
3927,68,17,False
3928,68,33,False
3929,68,23,False
3930,68,42,False
3931,68,39,False
3932,68,42,False
3933,68,68,True
3934,68,42,False
3935,68,23,False
3936,68,42,False
3937,68,17,False
3938,68,17,False
3939,68,23,False
3940,68,17,False
3941,68,42,False
3942,68,23,False
3943,68,33,False
3944,68,68,True
3945,68,33,False
3946,68,23,False
3947,68,23,False
3948,68,42,False
3949,68,42,False
3950,68,42,False
3951,68,68,True
3952,68,23,False
3953,68,42,False
3954,68,23,False
3955,68,23,False
3956,68,42,False
3957,68,42,False
3958,68,17,False
3959,68,17,False
3960,68,33,False
3961,68,17,False
3962,68,17,False
3963,68,64,False
3964,68,33,False
3965,69,69,True
3966,69,26,False
3967,69,69,True
3968,69,45,False
3969,69,69,True
3970,69,69,True
3971,69,69,True
3972,69,51,False
3973,69,69,True
3974,69,5,False
3975,69,69,True
3976,69,69,True
3977,69,69,True
3978,69,69,True
3979,69,69,True
3980,69,26,False
3981,69,33,False
3982,69,69,True
3983,69,51,False
3984,69,69,True
3985,69,69,True
3986,69,26,False
3987,69,69,True
3988,69,33,False
3989,69,69,True
3990,69,69,True
3991,69,69,True
3992,69,26,False
3993,69,69,True
3994,69,26,False
3995,69,33,False
3996,69,69,True
3997,69,26,False
3998,69,69,True
3999,69,26,False
4000,69,69,True
4001,69,98,False
4002,69,69,True
4003,69,69,True
4004,69,26,False
4005,69,42,False
4006,69,69,True
4007,69,69,True
4008,69,69,True
4009,69,33,False
4010,69,69,True
4011,69,69,True
4012,69,69,True
4013,69,33,False
4014,69,69,True
4015,69,69,True
4016,69,5,False
4017,69,69,True
4018,69,42,False
4019,69,69,True
4020,69,26,False
4021,69,69,True
4022,69,69,True
4023,69,69,True
4024,69,26,False
4025,69,69,True
4026,69,69,True
4027,70,17,False
4028,70,23,False
4029,70,42,False
4030,70,42,False
4031,70,17,False
4032,70,42,False
4033,70,17,False
4034,70,17,False
4035,70,17,False
4036,70,70,True
4037,70,17,False
4038,70,42,False
4039,70,17,False
4040,70,26,False
4041,70,17,False
4042,70,17,False
4043,70,86,False
4044,70,42,False
4045,70,42,False
4046,70,42,False
4047,70,17,False
4048,70,26,False
4049,70,51,False
4050,70,98,False
4051,70,98,False
4052,70,98,False
4053,70,64,False
4054,70,98,False
4055,70,64,False
4056,70,17,False
4057,70,51,False
4058,70,17,False
4059,70,70,True
4060,70,17,False
4061,70,23,False
4062,70,17,False
4063,70,17,False
4064,70,42,False
4065,70,17,False
4066,70,17,False
4067,70,70,True
4068,70,42,False
4069,70,42,False
4070,70,42,False
4071,70,17,False
4072,70,17,False
4073,70,17,False
4074,70,72,False
4075,70,51,False
4076,70,42,False
4077,70,17,False
4078,70,98,False
4079,70,5,False
4080,70,23,False
4081,70,42,False
4082,70,72,False
4083,70,42,False
4084,70,17,False
4085,70,70,True
4086,70,64,False
4087,70,17,False
4088,70,42,False
4089,70,17,False
4090,70,17,False
4091,70,17,False
4092,70,17,False
4093,70,86,False
4094,70,17,False
4095,70,5,False
4096,70,86,False
4097,70,70,True
4098,70,70,True
4099,70,86,False
4100,70,17,False
4101,70,17,False
4102,70,70,True
4103,70,17,False
4104,70,17,False
4105,70,17,False
4106,70,86,False
4107,70,17,False
4108,70,86,False
4109,70,17,False
4110,70,86,False
4111,70,17,False
4112,70,86,False
4113,70,86,False
4114,70,17,False
4115,70,17,False
4116,70,17,False
4117,70,17,False
4118,70,86,False
4119,70,17,False
4120,70,17,False
4121,70,17,False
4122,70,17,False
4123,70,5,False
4124,70,17,False
4125,70,86,False
4126,70,17,False
4127,70,70,True
4128,70,17,False
4129,70,17,False
4130,70,70,True
4131,70,17,False
4132,70,42,False
4133,70,17,False
4134,70,17,False
4135,70,17,False
4136,70,68,False
4137,70,17,False
4138,70,70,True
4139,70,86,False
4140,70,86,False
4141,70,86,False
4142,70,17,False
4143,70,17,False
4144,70,17,False
4145,70,86,False
4146,70,17,False
4147,70,17,False
4148,70,17,False
4149,70,17,False
4150,70,17,False
4151,70,26,False
4152,70,17,False
4153,70,23,False
4154,70,70,True
4155,70,86,False
4156,70,23,False
4157,70,17,False
4158,70,26,False
4159,70,86,False
4160,70,26,False
4161,70,86,False
4162,70,70,True
4163,70,17,False
4164,70,17,False
4165,70,17,False
4166,70,17,False
4167,70,86,False
4168,70,86,False
4169,70,42,False
4170,70,17,False
4171,70,86,False
4172,70,17,False
4173,70,42,False
4174,70,42,False
4175,70,17,False
4176,70,42,False
4177,70,86,False
4178,70,17,False
4179,70,26,False
4180,70,17,False
4181,70,26,False
4182,70,17,False
4183,70,42,False
4184,70,17,False
4185,70,86,False
4186,70,86,False
4187,70,17,False
4188,70,70,True
4189,70,64,False
4190,70,42,False
4191,70,42,False
4192,70,42,False
4193,70,42,False
4194,70,26,False
4195,70,6,False
4196,70,17,False
4197,70,42,False
4198,70,17,False
4199,70,42,False
4200,70,64,False
4201,70,33,False
4202,70,17,False
4203,70,64,False
4204,70,42,False
4205,70,42,False
4206,70,86,False
4207,70,51,False
4208,70,70,True
4209,70,42,False
4210,70,17,False
4211,70,98,False
4212,70,42,False
4213,70,17,False
4214,70,42,False
4215,70,42,False
4216,70,42,False
4217,70,42,False
4218,70,51,False
4219,70,51,False
4220,70,70,True
4221,70,51,False
4222,70,64,False
4223,70,42,False
4224,70,42,False
4225,70,93,False
4226,70,17,False
4227,70,93,False
4228,70,42,False
4229,70,42,False
4230,70,42,False
4231,70,42,False
4232,70,17,False
4233,70,17,False
4234,70,51,False
4235,70,23,False
4236,70,42,False
4237,70,70,True
4238,70,42,False
4239,70,64,False
4240,70,17,False
4241,70,64,False
4242,70,42,False
4243,70,64,False
4244,70,86,False
4245,70,17,False
4246,70,42,False
4247,70,17,False
4248,70,17,False
4249,70,51,False
4250,70,42,False
4251,70,98,False
4252,70,64,False
4253,70,17,False
4254,70,17,False
4255,70,17,False
4256,70,17,False
4257,70,17,False
4258,70,42,False
4259,70,42,False
4260,70,42,False
4261,70,42,False
4262,70,42,False
4263,70,42,False
4264,70,42,False
4265,71,25,False
4266,71,71,True
4267,71,71,True
4268,71,42,False
4269,71,71,True
4270,71,71,True
4271,71,42,False
4272,71,71,True
4273,71,42,False
4274,71,71,True
4275,71,10,False
4276,71,71,True
4277,71,42,False
4278,71,71,True
4279,71,42,False
4280,71,10,False
4281,71,71,True
4282,71,71,True
4283,71,42,False
4284,71,42,False
4285,71,42,False
4286,71,23,False
4287,71,71,True
4288,71,10,False
4289,71,71,True
4290,71,86,False
4291,71,42,False
4292,71,71,True
4293,71,71,True
4294,71,71,True
4295,71,48,False
4296,71,71,True
4297,71,71,True
4298,71,71,True
4299,71,42,False
4300,71,71,True
4301,71,42,False
4302,71,71,True
4303,71,42,False
4304,72,72,True
4305,72,72,True
4306,72,72,True
4307,72,17,False
4308,72,17,False
4309,72,72,True
4310,72,72,True
4311,72,17,False
4312,72,72,True
4313,72,72,True
4314,72,72,True
4315,72,72,True
4316,72,72,True
4317,72,72,True
4318,72,72,True
4319,72,72,True
4320,72,72,True
4321,72,72,True
4322,72,72,True
4323,72,42,False
4324,72,72,True
4325,72,72,True
4326,72,72,True
4327,72,72,True
4328,72,72,True
4329,72,17,False
4330,72,72,True
4331,72,72,True
4332,72,72,True
4333,72,72,True
4334,72,72,True
4335,72,72,True
4336,72,17,False
4337,72,72,True
4338,72,72,True
4339,72,72,True
4340,72,17,False
4341,72,72,True
4342,72,72,True
4343,72,72,True
4344,72,72,True
4345,72,17,False
4346,72,72,True
4347,72,72,True
4348,72,72,True
4349,72,72,True
4350,72,72,True
4351,72,72,True
4352,72,72,True
4353,72,72,True
4354,72,72,True
4355,72,72,True
4356,72,17,False
4357,72,72,True
4358,72,72,True
4359,72,72,True
4360,72,72,True
4361,72,72,True
4362,72,72,True
4363,72,72,True
4364,72,72,True
4365,72,72,True
4366,72,72,True
4367,72,17,False
4368,72,72,True
4369,72,17,False
4370,72,72,True
4371,72,72,True
4372,72,72,True
4373,72,72,True
4374,72,72,True
4375,72,72,True
4376,72,72,True
4377,73,17,False
4378,73,42,False
4379,73,42,False
4380,73,64,False
4381,73,51,False
4382,73,42,False
4383,73,51,False
4384,73,93,False
4385,73,93,False
4386,73,93,False
4387,73,51,False
4388,73,93,False
4389,73,64,False
4390,73,26,False
4391,73,51,False
4392,73,17,False
4393,73,42,False
4394,73,64,False
4395,73,42,False
4396,73,93,False
4397,74,45,False
4398,74,45,False
4399,74,45,False
4400,74,96,False
4401,74,74,True
4402,74,96,False
4403,74,74,True
4404,74,45,False
4405,74,45,False
4406,74,96,False
4407,74,81,False
4408,74,45,False
4409,74,74,True
4410,74,45,False
4411,74,42,False
4412,74,45,False
4413,74,45,False
4414,74,45,False
4415,74,42,False
4416,74,42,False
4417,74,21,False
4418,74,98,False
4419,74,42,False
4420,74,21,False
4421,74,42,False
4422,74,12,False
4423,74,12,False
4424,74,42,False
4425,74,21,False
4426,74,45,False
4427,74,81,False
4428,74,45,False
4429,74,42,False
4430,74,42,False
4431,74,42,False
4432,74,42,False
4433,74,42,False
4434,74,74,True
4435,74,42,False
4436,74,45,False
4437,74,96,False
4438,74,42,False
4439,74,42,False
4440,74,42,False
4441,74,45,False
4442,74,45,False
4443,74,21,False
4444,74,98,False
4445,74,74,True
4446,74,74,True
4447,74,42,False
4448,74,21,False
4449,74,42,False
4450,74,74,True
4451,74,98,False
4452,74,17,False
4453,74,42,False
4454,74,42,False
4455,74,42,False
4456,74,45,False
4457,74,42,False
4458,74,42,False
4459,74,42,False
4460,74,42,False
4461,74,64,False
4462,74,74,True
4463,74,42,False
4464,74,42,False
4465,74,42,False
4466,74,42,False
4467,74,42,False
4468,74,72,False
4469,74,42,False
4470,75,75,True
4471,75,75,True
4472,75,75,True
4473,75,75,True
4474,75,75,True
4475,75,75,True
4476,75,75,True
4477,75,75,True
4478,75,75,True
4479,75,75,True
4480,75,72,False
4481,75,75,True
4482,75,75,True
4483,75,75,True
4484,75,75,True
4485,75,75,True
4486,75,75,True
4487,75,75,True
4488,75,75,True
4489,75,75,True
4490,76,76,True
4491,76,76,True
4492,76,76,True
4493,76,76,True
4494,76,65,False
4495,76,76,True
4496,76,76,True
4497,76,76,True
4498,76,76,True
4499,76,76,True
4500,76,76,True
4501,76,76,True
4502,76,65,False
4503,76,76,True
4504,76,76,True
4505,76,76,True
4506,76,76,True
4507,76,76,True
4508,76,65,False
4509,76,76,True
4510,76,76,True
4511,76,76,True
4512,76,76,True
4513,76,76,True
4514,76,76,True
4515,76,76,True
4516,76,76,True
4517,76,76,True
4518,76,76,True
4519,76,76,True
4520,76,76,True
4521,76,76,True
4522,76,76,True
4523,76,76,True
4524,76,76,True
4525,76,76,True
4526,76,76,True
4527,76,76,True
4528,76,65,False
4529,76,76,True
4530,76,76,True
4531,76,76,True
4532,76,76,True
4533,76,76,True
4534,76,76,True
4535,76,76,True
4536,76,76,True
4537,76,76,True
4538,76,76,True
4539,76,76,True
4540,76,76,True
4541,76,76,True
4542,76,76,True
4543,76,65,False
4544,76,76,True
4545,76,76,True
4546,76,76,True
4547,76,76,True
4548,76,76,True
4549,76,76,True
4550,76,76,True
4551,76,76,True
4552,76,76,True
4553,76,76,True
4554,76,76,True
4555,77,42,False
4556,77,77,True
4557,77,77,True
4558,77,77,True
4559,77,77,True
4560,77,97,False
4561,77,42,False
4562,77,77,True
4563,77,77,True
4564,77,77,True
4565,77,77,True
4566,77,77,True
4567,77,42,False
4568,77,6,False
4569,77,23,False
4570,77,26,False
4571,77,10,False
4572,77,77,True
4573,77,6,False
4574,77,77,True
4575,77,26,False
4576,77,10,False
4577,78,21,False
4578,78,78,True
4579,78,86,False
4580,78,78,True
4581,78,33,False
4582,78,23,False
4583,78,33,False
4584,78,33,False
4585,78,78,True
4586,78,78,True
4587,78,78,True
4588,78,78,True
4589,78,33,False
4590,78,33,False
4591,78,33,False
4592,78,23,False
4593,78,33,False
4594,78,78,True
4595,78,21,False
4596,78,23,False
4597,78,33,False
4598,78,78,True
4599,78,33,False
4600,78,33,False
4601,78,33,False
4602,78,78,True
4603,78,33,False
4604,78,21,False
4605,78,33,False
4606,78,33,False
4607,78,33,False
4608,78,33,False
4609,78,33,False
4610,78,78,True
4611,78,21,False
4612,78,33,False
4613,78,33,False
4614,78,33,False
4615,78,23,False
4616,78,33,False
4617,78,33,False
4618,78,33,False
4619,78,33,False
4620,78,21,False
4621,78,21,False
4622,78,78,True
4623,78,33,False
4624,78,21,False
4625,78,33,False
4626,78,33,False
4627,78,78,True
4628,78,21,False
4629,78,33,False
4630,78,79,False
4631,78,78,True
4632,78,33,False
4633,78,78,True
4634,78,78,True
4635,78,33,False
4636,78,33,False
4637,78,33,False
4638,78,78,True
4639,78,78,True
4640,78,33,False
4641,78,33,False
4642,78,17,False
4643,78,78,True
4644,78,33,False
4645,78,21,False
4646,78,78,True
4647,78,33,False
4648,78,33,False
4649,78,78,True
4650,78,33,False
4651,78,33,False
4652,78,33,False
4653,78,78,True
4654,78,33,False
4655,78,33,False
4656,78,33,False
4657,78,33,False
4658,78,33,False
4659,78,33,False
4660,78,21,False
4661,78,78,True
4662,78,33,False
4663,78,23,False
4664,78,33,False
4665,78,78,True
4666,78,33,False
4667,78,33,False
4668,78,33,False
4669,78,33,False
4670,78,78,True
4671,78,78,True
4672,78,33,False
4673,78,25,False
4674,78,78,True
4675,78,21,False
4676,78,33,False
4677,78,33,False
4678,78,33,False
4679,78,23,False
4680,78,21,False
4681,78,33,False
4682,78,78,True
4683,78,33,False
4684,78,78,True
4685,78,33,False
4686,78,78,True
4687,78,45,False
4688,78,78,True
4689,78,78,True
4690,78,33,False
4691,78,33,False
4692,78,78,True
4693,78,78,True
4694,78,78,True
4695,78,33,False
4696,78,78,True
4697,78,33,False
4698,78,33,False
4699,78,23,False
4700,78,17,False
4701,78,33,False
4702,78,21,False
4703,78,78,True
4704,78,33,False
4705,78,33,False
4706,78,33,False
4707,78,39,False
4708,78,78,True
4709,78,33,False
4710,78,78,True
4711,78,33,False
4712,78,33,False
4713,78,33,False
4714,78,78,True
4715,78,21,False
4716,78,33,False
4717,78,33,False
4718,78,33,False
4719,78,33,False
4720,78,33,False
4721,78,33,False
4722,78,21,False
4723,78,78,True
4724,78,33,False
4725,78,17,False
4726,78,33,False
4727,78,33,False
4728,79,26,False
4729,79,33,False
4730,79,33,False
4731,79,23,False
4732,79,26,False
4733,79,42,False
4734,79,33,False
4735,79,33,False
4736,79,33,False
4737,79,33,False
4738,79,33,False
4739,79,86,False
4740,79,42,False
4741,79,33,False
4742,79,33,False
4743,79,42,False
4744,79,33,False
4745,79,26,False
4746,79,33,False
4747,79,33,False
4748,79,33,False
4749,80,42,False
4750,80,42,False
4751,80,42,False
4752,80,42,False
4753,80,42,False
4754,80,42,False
4755,80,42,False
4756,80,64,False
4757,80,42,False
4758,80,64,False
4759,80,64,False
4760,80,42,False
4761,80,42,False
4762,80,42,False
4763,80,80,True
4764,80,42,False
4765,80,33,False
4766,80,42,False
4767,80,42,False
4768,80,42,False
4769,80,42,False
4770,80,42,False
4771,80,42,False
4772,80,42,False
4773,80,42,False
4774,80,42,False
4775,80,42,False
4776,80,42,False
4777,80,42,False
4778,80,42,False
4779,80,42,False
4780,80,42,False
4781,81,33,False
4782,81,86,False
4783,81,42,False
4784,81,33,False
4785,81,42,False
4786,81,42,False
4787,81,86,False
4788,81,81,True
4789,81,86,False
4790,81,81,True
4791,81,86,False
4792,81,23,False
4793,81,42,False
4794,81,42,False
4795,81,33,False
4796,81,23,False
4797,81,81,True
4798,81,81,True
4799,81,86,False
4800,81,86,False
4801,81,81,True
4802,81,86,False
4803,81,42,False
4804,81,23,False
4805,81,86,False
4806,81,81,True
4807,81,86,False
4808,81,86,False
4809,81,86,False
4810,81,86,False
4811,81,81,True
4812,81,81,True
4813,81,86,False
4814,81,81,True
4815,81,86,False
4816,81,33,False
4817,81,42,False
4818,81,86,False
4819,81,86,False
4820,81,33,False
4821,81,86,False
4822,81,81,True
4823,81,86,False
4824,81,23,False
4825,81,86,False
4826,81,86,False
4827,81,17,False
4828,81,17,False
4829,81,86,False
4830,81,86,False
4831,81,33,False
4832,81,81,True
4833,81,81,True
4834,81,86,False
4835,81,86,False
4836,81,17,False
4837,81,81,True
4838,81,42,False
4839,81,81,True
4840,81,81,True
4841,81,86,False
4842,81,23,False
4843,81,86,False
4844,81,39,False
4845,81,42,False
4846,81,42,False
4847,81,81,True
4848,82,82,True
4849,82,82,True
4850,82,42,False
4851,82,82,True
4852,82,1,False
4853,82,82,True
4854,82,82,True
4855,82,10,False
4856,82,82,True
4857,82,82,True
4858,82,82,True
4859,82,82,True
4860,82,82,True
4861,82,82,True
4862,82,82,True
4863,82,82,True
4864,82,82,True
4865,82,82,True
4866,82,82,True
4867,82,1,False
4868,82,82,True
4869,82,82,True
4870,82,82,True
4871,82,82,True
4872,82,82,True
4873,82,82,True
4874,82,82,True
4875,82,82,True
4876,83,33,False
4877,83,83,True
4878,83,23,False
4879,83,33,False
4880,83,23,False
4881,83,33,False
4882,83,33,False
4883,83,83,True
4884,83,83,True
4885,83,42,False
4886,83,33,False
4887,83,33,False
4888,83,42,False
4889,83,83,True
4890,83,33,False
4891,83,83,True
4892,83,42,False
4893,83,42,False
4894,83,42,False
4895,83,42,False
4896,83,10,False
4897,83,83,True
4898,84,84,True
4899,84,64,False
4900,84,84,True
4901,84,42,False
4902,84,84,True
4903,84,84,True
4904,84,62,False
4905,84,42,False
4906,84,10,False
4907,84,17,False
4908,84,42,False
4909,84,42,False
4910,84,23,False
4911,84,62,False
4912,84,84,True
4913,84,84,True
4914,84,42,False
4915,84,84,True
4916,84,84,True
4917,84,84,True
4918,84,42,False
4919,84,23,False
4920,84,42,False
4921,84,23,False
4922,84,84,True
4923,84,84,True
4924,84,42,False
4925,84,84,True
4926,84,84,True
4927,84,62,False
4928,84,42,False
4929,84,64,False
4930,84,6,False
4931,84,62,False
4932,84,84,True
4933,84,57,False
4934,84,42,False
4935,84,84,True
4936,84,23,False
4937,84,84,True
4938,84,84,True
4939,84,84,True
4940,84,23,False
4941,84,23,False
4942,84,23,False
4943,84,23,False
4944,85,85,True
4945,85,85,True
4946,85,85,True
4947,85,54,False
4948,85,77,False
4949,85,85,True
4950,85,85,True
4951,85,8,False
4952,85,77,False
4953,85,85,True
4954,85,12,False
4955,85,8,False
4956,85,8,False
4957,85,12,False
4958,85,85,True
4959,85,8,False
4960,85,85,True
4961,85,8,False
4962,85,8,False
4963,85,8,False
4964,85,8,False
4965,85,8,False
4966,85,85,True
4967,85,8,False
4968,85,8,False
4969,85,8,False
4970,85,85,True
4971,85,8,False
4972,85,8,False
4973,85,85,True
4974,85,8,False
4975,85,8,False
4976,85,12,False
4977,85,12,False
4978,85,8,False
4979,85,8,False
4980,85,8,False
4981,85,8,False
4982,85,8,False
4983,85,15,False
4984,85,8,False
4985,86,33,False
4986,86,33,False
4987,86,17,False
4988,86,33,False
4989,86,86,True
4990,86,17,False
4991,86,23,False
4992,86,86,True
4993,86,23,False
4994,86,86,True
4995,86,86,True
4996,86,42,False
4997,86,39,False
4998,86,33,False
4999,86,86,True
5000,86,86,True
5001,86,33,False
5002,86,33,False
5003,86,23,False
5004,86,17,False
5005,86,42,False
5006,86,23,False
5007,86,86,True
5008,86,86,True
5009,86,86,True
5010,86,23,False
5011,86,33,False
5012,86,42,False
5013,86,86,True
5014,86,33,False
5015,86,33,False
5016,86,33,False
5017,86,26,False
5018,86,33,False
5019,86,17,False
5020,86,17,False
5021,87,93,False
5022,87,87,True
5023,87,42,False
5024,87,87,True
5025,87,26,False
5026,87,42,False
5027,87,69,False
5028,87,42,False
5029,87,42,False
5030,87,87,True
5031,87,42,False
5032,87,87,True
5033,87,42,False
5034,87,17,False
5035,87,87,True
5036,87,87,True
5037,87,42,False
5038,87,42,False
5039,87,42,False
5040,87,87,True
5041,87,51,False
5042,87,42,False
5043,87,5,False
5044,87,61,False
5045,87,70,False
5046,87,87,True
5047,87,87,True
5048,87,42,False
5049,87,5,False
5050,87,42,False
5051,87,87,True
5052,87,42,False
5053,87,5,False
5054,87,42,False
5055,87,42,False
5056,87,42,False
5057,87,42,False
5058,87,42,False
5059,87,42,False
5060,87,87,True
5061,87,87,True
5062,87,87,True
5063,87,87,True
5064,87,42,False
5065,87,17,False
5066,87,87,True
5067,87,87,True
5068,87,87,True
5069,87,87,True
5070,87,87,True
5071,87,87,True
5072,87,5,False
5073,87,42,False
5074,87,87,True
5075,87,42,False
5076,87,86,False
5077,87,17,False
5078,87,42,False
5079,87,42,False
5080,87,87,True
5081,87,42,False
5082,87,5,False
5083,87,42,False
5084,87,42,False
5085,87,87,True
5086,88,26,False
5087,88,26,False
5088,88,86,False
5089,88,17,False
5090,88,33,False
5091,88,26,False
5092,88,86,False
5093,88,33,False
5094,88,17,False
5095,88,5,False
5096,88,26,False
5097,88,26,False
5098,88,88,True
5099,88,26,False
5100,88,88,True
5101,88,26,False
5102,88,26,False
5103,88,26,False
5104,88,88,True
5105,88,26,False
5106,88,26,False
5107,88,26,False
5108,88,86,False
5109,88,26,False
5110,88,42,False
5111,88,17,False
5112,88,23,False
5113,88,88,True
5114,88,98,False
5115,88,88,True
5116,88,88,True
5117,88,25,False
5118,88,86,False
5119,88,23,False
5120,88,17,False
5121,88,88,True
5122,88,26,False
5123,88,86,False
5124,88,42,False
5125,88,88,True
5126,88,5,False
5127,88,86,False
5128,88,88,True
5129,88,17,False
5130,88,5,False
5131,88,88,True
5132,88,26,False
5133,88,26,False
5134,88,26,False
5135,88,42,False
5136,88,42,False
5137,88,26,False
5138,88,33,False
5139,88,42,False
5140,88,5,False
5141,88,33,False
5142,88,26,False
5143,88,26,False
5144,88,26,False
5145,88,26,False
5146,88,21,False
5147,88,23,False
5148,88,26,False
5149,88,42,False
5150,88,17,False
5151,88,26,False
5152,88,5,False
5153,88,5,False
5154,88,26,False
5155,88,17,False
5156,88,88,True
5157,88,88,True
5158,88,17,False
5159,88,42,False
5160,88,88,True
5161,88,86,False
5162,88,33,False
5163,88,42,False
5164,88,88,True
5165,88,26,False
5166,88,17,False
5167,88,51,False
5168,88,42,False
5169,88,86,False
5170,88,26,False
5171,88,33,False
5172,88,42,False
5173,88,33,False
5174,88,21,False
5175,88,86,False
5176,88,17,False
5177,88,86,False
5178,88,33,False
5179,88,42,False
5180,88,88,True
5181,88,21,False
5182,88,26,False
5183,88,26,False
5184,88,33,False
5185,88,42,False
5186,88,51,False
5187,88,88,True
5188,88,88,True
5189,88,88,True
5190,88,26,False
5191,88,26,False
5192,88,33,False
5193,88,39,False
5194,88,81,False
5195,88,86,False
5196,89,89,True
5197,89,64,False
5198,89,23,False
5199,89,23,False
5200,89,64,False
5201,89,26,False
5202,89,33,False
5203,89,17,False
5204,89,23,False
5205,89,23,False
5206,89,26,False
5207,89,26,False
5208,89,26,False
5209,89,26,False
5210,89,42,False
5211,89,89,True
5212,89,89,True
5213,89,23,False
5214,89,42,False
5215,89,42,False
5216,89,33,False
5217,89,23,False
5218,89,42,False
5219,89,23,False
5220,89,33,False
5221,89,33,False
5222,89,42,False
5223,89,33,False
5224,89,17,False
5225,89,23,False
5226,89,26,False
5227,89,23,False
5228,89,17,False
5229,89,23,False
5230,89,17,False
5231,89,17,False
5232,89,23,False
5233,89,26,False
5234,89,17,False
5235,89,17,False
5236,89,17,False
5237,89,23,False
5238,89,23,False
5239,89,23,False
5240,89,64,False
5241,89,42,False
5242,89,42,False
5243,89,17,False
5244,89,23,False
5245,89,23,False
5246,89,33,False
5247,89,64,False
5248,89,33,False
5249,89,17,False
5250,89,42,False
5251,89,33,False
5252,89,23,False
5253,89,33,False
5254,89,33,False
5255,89,17,False
5256,89,17,False
5257,89,64,False
5258,89,23,False
5259,89,23,False
5260,89,64,False
5261,89,42,False
5262,89,17,False
5263,89,26,False
5264,89,26,False
5265,89,89,True
5266,89,23,False
5267,89,33,False
5268,89,89,True
5269,89,23,False
5270,89,64,False
5271,89,33,False
5272,89,89,True
5273,89,23,False
5274,89,64,False
5275,89,33,False
5276,89,23,False
5277,89,17,False
5278,89,26,False
5279,89,17,False
5280,89,23,False
5281,89,33,False
5282,89,17,False
5283,89,17,False
5284,89,23,False
5285,89,26,False
5286,89,26,False
5287,89,42,False
5288,89,42,False
5289,89,23,False
5290,89,17,False
5291,89,17,False
5292,89,26,False
5293,89,23,False
5294,89,26,False
5295,89,64,False
5296,90,90,True
5297,90,90,True
5298,90,90,True
5299,90,90,True
5300,90,90,True
5301,90,90,True
5302,90,90,True
5303,90,90,True
5304,90,90,True
5305,90,90,True
5306,90,90,True
5307,90,90,True
5308,90,90,True
5309,90,33,False
5310,90,90,True
5311,90,33,False
5312,90,90,True
5313,90,90,True
5314,90,90,True
5315,90,90,True
5316,90,90,True
5317,90,90,True
5318,90,90,True
5319,90,90,True
5320,90,90,True
5321,91,12,False
5322,91,91,True
5323,91,17,False
5324,91,91,True
5325,91,91,True
5326,91,91,True
5327,91,91,True
5328,91,91,True
5329,91,91,True
5330,91,91,True
5331,91,91,True
5332,91,91,True
5333,91,12,False
5334,91,91,True
5335,91,33,False
5336,91,91,True
5337,91,91,True
5338,91,91,True
5339,91,91,True
5340,91,91,True
5341,91,91,True
5342,91,97,False
5343,91,91,True
5344,91,17,False
5345,91,72,False
5346,91,91,True
5347,91,91,True
5348,91,91,True
5349,91,12,False
5350,91,91,True
5351,91,91,True
5352,91,91,True
5353,91,72,False
5354,91,91,True
5355,91,91,True
5356,91,72,False
5357,91,17,False
5358,91,72,False
5359,91,91,True
5360,91,91,True
5361,91,91,True
5362,91,91,True
5363,91,91,True
5364,91,91,True
5365,91,91,True
5366,91,91,True
5367,91,91,True
5368,92,39,False
5369,92,23,False
5370,92,39,False
5371,92,39,False
5372,92,39,False
5373,92,39,False
5374,92,39,False
5375,92,23,False
5376,92,39,False
5377,92,42,False
5378,92,39,False
5379,92,39,False
5380,92,39,False
5381,92,24,False
5382,92,39,False
5383,92,92,True
5384,92,39,False
5385,92,17,False
5386,92,39,False
5387,92,39,False
5388,92,39,False
5389,93,93,True
5390,93,93,True
5391,93,51,False
5392,93,51,False
5393,93,93,True
5394,93,93,True
5395,93,42,False
5396,93,93,True
5397,93,33,False
5398,93,17,False
5399,93,93,True
5400,93,93,True
5401,93,42,False
5402,93,93,True
5403,93,17,False
5404,93,51,False
5405,93,42,False
5406,93,93,True
5407,93,93,True
5408,93,26,False
5409,93,93,True
5410,93,42,False
5411,93,93,True
5412,93,93,True
5413,93,93,True
5414,93,93,True
5415,93,93,True
5416,93,93,True
5417,93,93,True
5418,93,93,True
5419,93,33,False
5420,93,93,True
5421,93,93,True
5422,93,93,True
5423,93,93,True
5424,93,42,False
5425,93,93,True
5426,93,93,True
5427,94,21,False
5428,94,94,True
5429,94,94,True
5430,94,17,False
5431,94,21,False
5432,94,94,True
5433,94,94,True
5434,94,94,True
5435,94,94,True
5436,94,21,False
5437,94,26,False
5438,94,68,False
5439,94,26,False
5440,94,42,False
5441,94,21,False
5442,94,64,False
5443,94,17,False
5444,94,94,True
5445,94,42,False
5446,94,21,False
5447,94,21,False
5448,94,42,False
5449,94,21,False
5450,94,42,False
5451,94,42,False
5452,94,42,False
5453,94,21,False
5454,94,21,False
5455,94,42,False
5456,94,26,False
5457,94,53,False
5458,94,94,True
5459,94,21,False
5460,94,42,False
5461,94,26,False
5462,94,94,True
5463,94,94,True
5464,94,21,False
5465,94,42,False
5466,94,21,False
5467,94,17,False
5468,94,94,True
5469,95,42,False
5470,95,33,False
5471,95,33,False
5472,95,33,False
5473,95,51,False
5474,95,21,False
5475,95,33,False
5476,95,17,False
5477,95,17,False
5478,95,98,False
5479,95,17,False
5480,95,2,False
5481,95,95,True
5482,95,21,False
5483,95,95,True
5484,95,33,False
5485,95,33,False
5486,95,17,False
5487,95,21,False
5488,95,33,False
5489,95,42,False
5490,95,33,False
5491,95,23,False
5492,95,81,False
5493,95,17,False
5494,95,33,False
5495,95,33,False
5496,95,33,False
5497,95,81,False
5498,95,81,False
5499,95,33,False
5500,95,33,False
5501,95,17,False
5502,95,33,False
5503,95,42,False
5504,95,81,False
5505,95,33,False
5506,95,33,False
5507,96,45,False
5508,96,96,True
5509,96,45,False
5510,96,45,False
5511,96,96,True
5512,96,96,True
5513,96,45,False
5514,96,96,True
5515,96,96,True
5516,96,96,True
5517,96,96,True
5518,96,96,True
5519,96,96,True
5520,96,96,True
5521,96,96,True
5522,96,17,False
5523,96,96,True
5524,96,96,True
5525,96,45,False
5526,96,96,True
5527,96,96,True
5528,96,96,True
5529,96,96,True
5530,96,33,False
5531,96,96,True
5532,96,96,True
5533,96,96,True
5534,96,12,False
5535,96,42,False
5536,96,96,True
5537,96,96,True
5538,96,96,True
5539,96,96,True
5540,96,96,True
5541,96,96,True
5542,96,12,False
5543,96,96,True
5544,96,96,True
5545,96,96,True
5546,96,96,True
5547,96,96,True
5548,96,96,True
5549,96,96,True
5550,96,96,True
5551,96,96,True
5552,96,96,True
5553,96,96,True
5554,96,96,True
5555,96,96,True
5556,96,96,True
5557,96,96,True
5558,96,96,True
5559,96,96,True
5560,96,96,True
5561,96,96,True
5562,96,96,True
5563,96,45,False
5564,96,96,True
5565,96,96,True
5566,96,98,False
5567,96,96,True
5568,96,96,True
5569,96,96,True
5570,96,96,True
5571,96,96,True
5572,96,96,True
5573,96,96,True
5574,96,96,True
5575,96,96,True
5576,96,96,True
5577,96,96,True
5578,96,96,True
5579,96,45,False
5580,96,96,True
5581,96,45,False
5582,96,96,True
5583,96,96,True
5584,96,96,True
5585,96,96,True
5586,96,96,True
5587,96,96,True
5588,96,96,True
5589,96,96,True
5590,96,96,True
5591,96,96,True
5592,96,96,True
5593,96,96,True
5594,96,96,True
5595,96,96,True
5596,96,96,True
5597,96,96,True
5598,96,96,True
5599,96,96,True
5600,96,96,True
5601,96,96,True
5602,96,96,True
5603,96,96,True
5604,96,96,True
5605,96,42,False
5606,96,81,False
5607,96,96,True
5608,96,33,False
5609,96,96,True
5610,96,96,True
5611,96,96,True
5612,96,96,True
5613,96,96,True
5614,96,96,True
5615,96,96,True
5616,96,96,True
5617,96,96,True
5618,96,96,True
5619,96,96,True
5620,96,96,True
5621,96,96,True
5622,96,96,True
5623,96,96,True
5624,96,96,True
5625,96,96,True
5626,96,96,True
5627,96,96,True
5628,96,96,True
5629,96,96,True
5630,96,96,True
5631,96,96,True
5632,96,96,True
5633,96,96,True
5634,96,96,True
5635,96,96,True
5636,96,96,True
5637,96,96,True
5638,96,42,False
5639,96,96,True
5640,96,96,True
5641,96,96,True
5642,96,96,True
5643,96,96,True
5644,96,96,True
5645,96,81,False
5646,96,96,True
5647,96,96,True
5648,96,96,True
5649,96,96,True
5650,96,96,True
5651,96,96,True
5652,96,96,True
5653,96,96,True
5654,96,96,True
5655,96,96,True
5656,96,96,True
5657,96,96,True
5658,96,96,True
5659,96,96,True
5660,96,96,True
5661,96,96,True
5662,96,96,True
5663,96,96,True
5664,96,96,True
5665,96,96,True
5666,96,96,True
5667,96,96,True
5668,96,96,True
5669,96,96,True
5670,96,96,True
5671,96,96,True
5672,96,96,True
5673,96,96,True
5674,96,96,True
5675,96,96,True
5676,96,96,True
5677,96,81,False
5678,96,96,True
5679,96,96,True
5680,96,96,True
5681,96,42,False
5682,96,42,False
5683,97,56,False
5684,97,56,False
5685,97,33,False
5686,97,56,False
5687,97,33,False
5688,97,42,False
5689,97,56,False
5690,97,97,True
5691,97,97,True
5692,97,56,False
5693,97,56,False
5694,97,56,False
5695,97,97,True
5696,97,97,True
5697,97,56,False
5698,97,56,False
5699,97,56,False
5700,97,56,False
5701,97,33,False
5702,97,97,True
5703,97,97,True
5704,97,21,False
5705,97,56,False
5706,97,56,False
5707,97,56,False
5708,97,97,True
5709,97,42,False
5710,97,30,False
5711,97,42,False
5712,97,56,False
5713,97,97,True
5714,97,56,False
5715,97,97,True
5716,97,56,False
5717,97,97,True
5718,97,56,False
5719,97,33,False
5720,97,56,False
5721,97,56,False
5722,97,97,True
5723,97,97,True
5724,97,21,False
5725,97,56,False
5726,97,33,False
5727,97,97,True
5728,97,97,True
5729,97,56,False
5730,97,56,False
5731,97,56,False
5732,97,97,True
5733,97,56,False
5734,97,56,False
5735,97,97,True
5736,97,56,False
5737,97,97,True
5738,97,56,False
5739,97,56,False
5740,97,56,False
5741,97,97,True
5742,97,97,True
5743,97,56,False
5744,97,33,False
5745,97,56,False
5746,97,42,False
5747,97,56,False
5748,97,42,False
5749,97,56,False
5750,97,56,False
5751,97,56,False
5752,97,56,False
5753,97,26,False
5754,97,56,False
5755,97,56,False
5756,97,26,False
5757,97,97,True
5758,97,97,True
5759,97,42,False
5760,97,56,False
5761,97,97,True
5762,97,42,False
5763,97,42,False
5764,97,97,True
5765,97,21,False
5766,97,56,False
5767,97,56,False
5768,97,56,False
5769,97,56,False
5770,97,42,False
5771,97,97,True
5772,97,97,True
5773,97,42,False
5774,97,97,True
5775,97,97,True
5776,97,26,False
5777,97,56,False
5778,97,42,False
5779,97,56,False
5780,97,42,False
5781,97,42,False
5782,97,42,False
5783,97,97,True
5784,97,21,False
5785,97,56,False
5786,97,97,True
5787,97,26,False
5788,97,97,True
5789,97,97,True
5790,97,56,False
5791,97,83,False
5792,97,56,False
5793,97,56,False
5794,97,97,True
5795,97,56,False
5796,97,56,False
5797,97,97,True
5798,97,56,False
5799,97,33,False
5800,97,56,False
5801,97,56,False
5802,97,56,False
5803,97,97,True
5804,97,97,True
5805,97,56,False
5806,97,97,True
5807,97,42,False
5808,97,56,False
5809,97,56,False
5810,97,56,False
5811,97,56,False
5812,97,97,True
5813,97,97,True
5814,97,97,True
5815,97,56,False
5816,97,42,False
5817,97,42,False
5818,97,97,True
5819,97,33,False
5820,97,56,False
5821,97,97,True
5822,97,97,True
5823,97,97,True
5824,97,56,False
5825,97,56,False
5826,97,21,False
5827,97,33,False
5828,97,33,False
5829,97,97,True
5830,97,56,False
5831,97,97,True
5832,97,97,True
5833,97,97,True
5834,97,97,True
5835,97,97,True
5836,97,56,False
5837,97,56,False
5838,97,56,False
5839,97,56,False
5840,97,97,True
5841,97,56,False
5842,97,56,False
5843,97,56,False
5844,97,56,False
5845,97,56,False
5846,97,97,True
5847,97,56,False
5848,97,56,False
5849,97,21,False
5850,97,97,True
5851,97,56,False
5852,97,97,True
5853,97,56,False
5854,97,56,False
5855,97,56,False
5856,97,56,False
5857,98,51,False
5858,98,51,False
5859,98,98,True
5860,98,12,False
5861,98,98,True
5862,98,51,False
5863,98,98,True
5864,98,98,True
5865,98,98,True
5866,98,98,True
5867,98,98,True
5868,98,42,False
5869,98,51,False
5870,98,98,True
5871,98,98,True
5872,98,98,True
5873,98,98,True
5874,98,21,False
5875,98,98,True
5876,98,17,False
5877,98,72,False
5878,98,17,False
5879,98,98,True
5880,98,98,True
5881,98,98,True
5882,98,98,True
5883,98,98,True
5884,98,98,True
5885,98,98,True
5886,98,5,False
5887,98,98,True
5888,98,98,True
5889,98,51,False
5890,98,98,True
5891,98,98,True
5892,98,51,False
5893,98,98,True
5894,98,98,True
5895,98,51,False
5896,98,17,False
5897,98,51,False
5898,98,98,True
5899,98,98,True
5900,98,17,False
5901,98,98,True
5902,98,98,True
5903,98,5,False
5904,98,98,True
5905,98,95,False
5906,98,73,False
5907,98,51,False
5908,98,98,True
5909,98,51,False
5910,98,98,True
5911,98,98,True
5912,98,98,True
5913,98,98,True
5914,98,98,True
5915,98,98,True
5916,98,98,True
5917,98,98,True
5918,98,17,False
5919,98,51,False
5920,98,98,True
5921,98,98,True
5922,98,98,True
5923,98,98,True
5924,98,17,False
5925,98,51,False
5926,98,98,True
5927,98,98,True
5928,98,17,False
5929,98,26,False
5930,98,98,True
5931,98,98,True
5932,98,21,False
5933,98,98,True
5934,98,98,True
5935,98,98,True
5936,98,98,True
5937,98,51,False
5938,98,98,True
5939,98,5,False
5940,98,98,True
5941,98,51,False
5942,98,98,True
5943,98,98,True
5944,98,98,True
5945,98,5,False
5946,98,33,False
5947,98,98,True
5948,98,17,False
5949,98,17,False
5950,98,21,False
5951,98,98,True
5952,98,17,False
5953,98,17,False
5954,98,51,False
5955,98,5,False
5956,98,17,False
5957,98,98,True
5958,98,98,True
5959,98,98,True
5960,98,98,True
5961,98,98,True
5962,98,17,False
5963,98,98,True
5964,98,98,True
5965,98,51,False
5966,98,98,True
5967,98,98,True
5968,98,98,True
5969,98,51,False
5970,98,21,False
5971,98,98,True
5972,98,51,False
5973,98,98,True
5974,98,98,True
5975,98,98,True
5976,98,51,False
5977,98,17,False
5978,98,51,False
5979,98,21,False
5980,98,5,False
5981,98,98,True
5982,98,98,True
5983,98,98,True
5984,98,98,True
5985,98,98,True
5986,98,98,True
5987,98,98,True
5988,98,98,True
5989,98,98,True
5990,98,20,False
5991,98,98,True
5992,98,98,True
5993,98,98,True
5994,98,87,False
5995,98,98,True
5996,98,51,False
5997,98,98,True
5998,98,26,False
5999,98,98,True
6000,98,98,True
6001,98,98,True
6002,98,98,True
6003,98,17,False
6004,98,98,True
6005,98,98,True
6006,98,25,False
6007,98,17,False
6008,98,98,True
6009,98,98,True
6010,98,98,True
6011,98,21,False
6012,98,98,True
6013,98,17,False
6014,98,98,True
6015,98,72,False
6016,98,98,True
6017,98,98,True
6018,98,17,False
6019,98,98,True
6020,98,98,True
6021,99,99,True
6022,99,99,True
6023,99,99,True
6024,99,99,True
6025,99,99,True
6026,99,99,True
6027,99,33,False
6028,99,99,True
6029,99,99,True
6030,99,99,True
6031,99,33,False
6032,99,99,True
6033,99,33,False
6034,99,33,False
6035,99,99,True
6036,99,33,False
6037,99,99,True
6038,99,99,True
6039,99,99,True
6040,99,99,True
6041,99,99,True
6042,99,99,True
6043,99,99,True
6044,99,99,True
6045,99,99,True
6046,99,99,True
6047,99,99,True
6048,99,99,True
6049,99,99,True
6050,99,99,True
6051,99,99,True
6052,99,99,True
6053,99,99,True
6054,99,99,True
6055,99,99,True
6056,99,99,True
6057,99,99,True
6058,99,99,True
6059,99,99,True
6060,99,99,True
6061,99,99,True
6062,99,99,True
6063,99,99,True
6064,99,99,True
6065,99,99,True
6066,99,99,True
6067,99,33,False
6068,99,99,True
6069,99,99,True
6070,99,99,True
6071,99,99,True
6072,99,99,True
6073,99,99,True
6074,99,99,True
6075,99,42,False
6076,99,33,False
6077,99,99,True
6078,99,42,False
6079,99,99,True
6080,99,39,False
6081,99,33,False
6082,99,99,True
6083,99,42,False
6084,99,99,True
6085,99,33,False
6086,100,42,False
6087,100,42,False
6088,100,0,False
6089,100,56,False
6090,100,0,False
6091,100,0,False
6092,100,0,False
6093,100,56,False
6094,100,26,False
6095,100,30,False
6096,100,56,False
6097,100,0,False
6098,100,17,False
6099,100,42,False
6100,100,56,False
6101,100,86,False
6102,100,30,False
6103,100,42,False
6104,100,42,False
6105,100,26,False
6106,100,0,False
6107,100,56,False
6108,100,5,False
6109,100,42,False
6110,100,30,False
6111,100,21,False
6112,100,21,False
6113,100,42,False
6114,100,39,False
6115,100,30,False
6116,100,42,False
6117,100,42,False
6118,100,42,False
6119,100,5,False
6120,101,69,False
6121,101,33,False
6122,101,33,False
6123,101,33,False
6124,101,98,False
6125,101,98,False
6126,101,98,False
6127,101,33,False
6128,101,98,False
6129,101,33,False
6130,101,26,False
6131,101,33,False
6132,101,33,False
6133,101,33,False
6134,101,33,False
6135,101,33,False
6136,101,17,False
6137,101,26,False
6138,101,69,False
6139,101,11,False
6140,101,95,False
6141,101,33,False
6142,101,33,False
6143,101,33,False
6144,101,33,False
6145,101,69,False
6146,101,26,False
6147,101,33,False
6148,101,26,False
